canonical_smiles,molecule_chembl_id,pchembl_value,standard_type,standard_units,standard_value,target_chembl_id,type,units,value
CC(N[C@H](C)C(=O)N1CCC[C@H]1C(=O)O)C(=O)O,CHEMBL152758,7.05,IC50,nM,90.0,CHEMBL1808,IC50,uM,0.09
O=C(CCC(=O)N1CCCC1C(=O)O)NO,CHEMBL291381,4.30,IC50,nM,50000.0,CHEMBL1808,IC50,uM,50.0
C[C@@H](NCC(=O)O)C(=O)N1CCC[C@H]1C(=O)O,CHEMBL358439,5.62,IC50,nM,2400.0,CHEMBL1808,IC50,uM,2.4
NCCCC[C@H](N[C@@H](CCc1ccccc1)C(=O)O)C(=O)N1CCC[C@H]1C(=O)O,CHEMBL1237,8.92,IC50,nM,1.2,CHEMBL1808,IC50,nM,1.2
CC(CCC(=O)N1CCCC1C(=O)O)C(=O)O,CHEMBL293213,,IC50,nM,260000.0,CHEMBL1808,IC50,uM,260.0
C[C@@H](CCC(=O)O)C(=O)N1CCCC1C(=O)O,CHEMBL62678,5.31,IC50,nM,4900.0,CHEMBL1808,IC50,uM,4.9
C[C@H](N[C@@H](CCc1ccccc1)C(=O)O)C(=O)N1CCC[C@H]1C(=O)O,CHEMBL577,8.92,IC50,nM,1.2,CHEMBL1808,IC50,nM,1.2
O=C(NC(Cc1ccccc1)C(=O)CCC(=O)N1CCCC1c1nn[nH]n1)c1ccccc1,CHEMBL10973,4.66,IC50,nM,22000.0,CHEMBL1808,I50,uM,22.0
CC(=O)SCC1CCCN(CC(=O)O)C1=O,CHEMBL11795,4.00,IC50,nM,100000.0,CHEMBL1808,IC50,M,0.0001
O=C(O)CN1CCC(CS)C1=O,CHEMBL11507,5.43,IC50,nM,3700.0,CHEMBL1808,IC50,M,0.0000037
CC(=O)SCC1CCCN(C(C(=O)O)c2ccccc2)C1=O,CHEMBL12006,4.72,IC50,nM,19000.0,CHEMBL1808,IC50,M,0.000019
O=C(NC(Cc1ccccc1)C(=O)CCC(=O)N1CCCC1P(=O)(O)O)c1ccccc1,CHEMBL10690,4.00,IC50,nM,100000.0,CHEMBL1808,I50,uM,100.0
CC(=O)SCC1CCCN(C(C)C(=O)O)C1=O,CHEMBL416339,4.46,IC50,nM,35000.0,CHEMBL1808,IC50,M,0.000035
C[C@H](CS)C(=O)N1CCC[C@H]1C(=O)O,CHEMBL1560,7.92,IC50,nM,12.0,CHEMBL1808,IC50,M,1.2E-8
CCCCC(CC(=O)NO)[S+]([O-])c1ccccc1,CHEMBL75433,,IC50,nM,100000.0,CHEMBL1808,IC50,uM,100.0
CC(=O)SCC1CCCN(CC(N)=O)C1=O,CHEMBL12050,,IC50,nM,,CHEMBL1808,IC50,M,
CCCC[C@H](CC(=O)NO)S(=O)(=O)c1ccccc1,CHEMBL1788203,4.47,IC50,nM,34000.0,CHEMBL1808,IC50,uM,34.0
CCCCC(CC(=O)NO)S(=O)(=O)c1ccccc1,CHEMBL263501,4.09,IC50,nM,81000.0,CHEMBL1808,IC50,uM,81.0
CCCC[C@@H](CC(=O)NO)S(=O)(=O)c1ccccc1,CHEMBL2092878,,IC50,nM,100000.0,CHEMBL1808,IC50,uM,100.0
O=C(NC(Cc1ccccc1)C(=O)CCC(=O)N1CCC[C@H]1C(=O)O)c1ccccc1,CHEMBL416147,7.16,IC50,nM,70.0,CHEMBL1808,I50,uM,0.07
CCCCC(CC(=O)NO)S(=O)(=O)C1CCCCC1,CHEMBL77258,,IC50,nM,100000.0,CHEMBL1808,IC50,uM,100.0
O=C(O)CN1CCCC(CS)C1=O,CHEMBL11707,6.00,IC50,nM,1000.0,CHEMBL1808,IC50,M,0.000001
CC(=O)SCC1CCN(CC(=O)O)C1=O,CHEMBL11783,4.48,IC50,nM,33000.0,CHEMBL1808,IC50,M,0.000033
CCCC(C(=O)O)N1CCCC(CSC(C)=O)C1=O,CHEMBL416706,4.52,IC50,nM,30000.0,CHEMBL1808,IC50,M,0.00003
O=C(NC(Cc1ccccc1)C(=O)CCC(=O)N1CCCC1C(=O)NO)c1ccccc1,CHEMBL274553,5.80,IC50,nM,1600.0,CHEMBL1808,I50,uM,1.6
NCCCCC(NC(=O)C1CCC1)C(=O)NC(Cc1ccccc1)C(=O)CCC(=O)N1CCCC1C(=O)NO.O=C(O)C(F)(F)F,CHEMBL275702,7.96,IC50,nM,11.0,CHEMBL1808,I50,uM,0.011
NCCCCC(NC(=O)C1CCC1)C(=O)NC(Cc1ccccc1)C(=O)CCC(=O)N1CCCC1C(=O)O.O=C(O)C(F)(F)F,CHEMBL274550,8.12,IC50,nM,7.6,CHEMBL1808,I50,uM,0.0076
CCCCC(CC(=O)NO)S(=O)(=O)c1ccc2ccccc2c1,CHEMBL78001,4.91,IC50,nM,12400.0,CHEMBL1808,IC50,uM,12.4
O=C(O)CCN1C(=O)[C@@H](NC(=O)[C@@H](S)Cc2ccccc2)CCc2ccccc21,CHEMBL301364,7.44,IC50,nM,36.0,CHEMBL1808,I50,nM,36.0
C[C@H](NC(=O)[C@@H](S)Cc1ccccc1)C(=O)N1CCC[C@H]1C(=O)O,CHEMBL287896,7.52,IC50,nM,30.0,CHEMBL1808,I50,nM,30.0
C[C@@H]1Oc2ccccc2N(CC(=O)O)C(=O)[C@H]1NC(=O)[C@@H](S)Cc1ccccc1,CHEMBL50559,7.44,IC50,nM,36.0,CHEMBL1808,I50,nM,36.0
O=C(O)CCN1C(=O)[C@@H](NC(=O)[C@@H](S)Cc2ccccc2)CSc2ccccc21,CHEMBL299441,7.85,IC50,nM,14.0,CHEMBL1808,I50,nM,14.0
C[C@H](NC(=O)[C@@H](CS)Cc1ccccc1)C(=O)N1CCC[C@H]1C(=O)O,CHEMBL299181,8.40,IC50,nM,4.0,CHEMBL1808,I50,nM,4.0
C[C@H]1Oc2ccccc2N(CCC(=O)O)C(=O)[C@H]1NC(=O)[C@@H](S)Cc1ccccc1,CHEMBL52733,7.75,IC50,nM,18.0,CHEMBL1808,I50,nM,18.0
O=C(O)CCN1C(=O)[C@@H](NC(=O)[C@@H](S)Cc2ccccc2)COc2ccccc21,CHEMBL301751,7.51,IC50,nM,31.0,CHEMBL1808,I50,nM,31.0
O=C(O)CN1C(=O)[C@@H](NC(=O)[C@@H](S)Cc2ccccc2)CSc2ccccc21,CHEMBL298388,7.89,IC50,nM,13.0,CHEMBL1808,I50,nM,13.0
O=C(O)CN1C(=O)[C@@H](NC(=O)[C@@H](CS)Cc2ccccc2)COc2ccccc21,CHEMBL51389,8.36,IC50,nM,4.4,CHEMBL1808,I50,nM,4.4
O=C(O)CN1C(=O)[C@@H](NC(=O)[C@@H](S)Cc2ccccc2)CCc2ccccc21,CHEMBL299639,7.92,IC50,nM,12.0,CHEMBL1808,I50,nM,12.0
C[C@H]1Oc2ccccc2N(CC(=O)O)C(=O)[C@H]1NC(=O)[C@@H](S)Cc1ccccc1,CHEMBL53879,7.89,IC50,nM,13.0,CHEMBL1808,I50,nM,13.0
O=C(O)CN1C(=O)[C@@H](NC(=O)[C@@H](S)Cc2ccccc2)COc2ccccc21,CHEMBL54036,7.55,IC50,nM,28.0,CHEMBL1808,I50,nM,28.0
COc1ccc(CSC[C@@H](NC(=O)[C@H](CS)Cc2ccccc2)C(=O)O)cc1,CHEMBL310200,6.54,IC50,nM,290.0,CHEMBL1808,IC50,nM,290.0
O=C(O)CCN1C(=O)[C@@H](NC(=O)[C@@H](CS)Cc2ccccc2)CCc2ccccc21,CHEMBL51438,7.44,IC50,nM,36.0,CHEMBL1808,I50,nM,36.0
Cc1ccc(CSC[C@@H](NC(=O)[C@@H](CS)Cc2ccccc2)C(=O)O)cc1C,CHEMBL80055,6.34,IC50,nM,460.0,CHEMBL1808,IC50,nM,460.0
Cc1ccc(CSC[C@@H](NC(=O)[C@H](CS)Cc2ccc3ccccc3c2)C(=O)O)cc1,CHEMBL430431,5.51,IC50,nM,3100.0,CHEMBL1808,IC50,nM,3100.0
O=C(O)CN1C(=O)[C@@H](NC(=O)[C@@H](CS)Cc2ccccc2)CSc2ccccc21,CHEMBL51780,7.77,IC50,nM,17.0,CHEMBL1808,I50,nM,17.0
O=C(O)CN1C(=O)[C@@H](NC(=O)[C@@H](CS)Cc2ccccc2)CCc2ccccc21,CHEMBL51498,8.32,IC50,nM,4.8,CHEMBL1808,I50,nM,4.8
Cc1ccc(C#Cc2ccc(S(=O)(=O)N[C@H](Cc3c[nH]c4ccccc34)C(=O)O)s2)cc1,CHEMBL297792,,IC50,nM,1000.0,CHEMBL1808,IC50,uM,1.0
O=C(Nc1ccc(S(=O)(=O)N[C@H](Cc2c[nH]c3ccccc23)C(=O)O)cc1)c1ccc(Br)cc1,CHEMBL155874,,IC50,nM,1000.0,CHEMBL1808,IC50,uM,1.0
CSc1ccc(-n2nnc(-c3ccc(S(=O)(=O)N[C@@H](C(=O)O)C(C)C)cc3)n2)cc1,CHEMBL160153,,IC50,nM,1000.0,CHEMBL1808,IC50,uM,1.0
CSc1ccc(-c2ccc(S(=O)(=O)N[C@@H](C(=O)O)C(C)C)cc2)cc1,CHEMBL440921,,IC50,nM,1000.0,CHEMBL1808,IC50,uM,1.0
O=C(O)[C@@H](Cc1c[nH]c2ccccc12)NS(=O)(=O)c1ccc(-c2nnn(-c3ccccc3)n2)cc1,CHEMBL345597,,IC50,nM,1000.0,CHEMBL1808,IC50,uM,1.0
Cc1ccc(-c2ccc(S(=O)(=O)N[C@H](Cc3c[nH]c4ccccc34)C(=O)O)s2)cc1,CHEMBL345200,,IC50,nM,1000.0,CHEMBL1808,IC50,uM,1.0
O=C(N[C@H]1CCCN2CC[C@@H](C(=O)O)N2C1=O)[C@@H](S)Cc1ccccc1,CHEMBL66254,7.92,IC50,nM,12.0,CHEMBL1808,I50,nM,12.0
O=C(N[C@H]1CCC(=O)N2CCC[C@@H](C(=O)O)N2C1=O)[C@@H](S)Cc1ccccc1,CHEMBL66481,8.15,IC50,nM,7.0,CHEMBL1808,I50,nM,7.0
CCCN1C(=O)CC[C@H](NC(=O)[C@@H](S)Cc2ccccc2)C(=O)N1CC(=O)O,CHEMBL62417,8.00,IC50,nM,10.0,CHEMBL1808,I50,nM,10.0
CN1CCC[C@H](NC(=O)[C@@H](S)Cc2ccccc2)C(=O)N1CC(=O)O,CHEMBL63001,7.80,IC50,nM,16.0,CHEMBL1808,I50,nM,16.0
CN1C(=O)CC[C@H](NC(=O)[C@@H](S)Cc2ccccc2)C(=O)N1CC(=O)O,CHEMBL304881,7.80,IC50,nM,16.0,CHEMBL1808,I50,nM,16.0
O=C(N[C@H]1CCC(=O)N2CC[C@@H](C(=O)O)N2C1=O)[C@@H](S)Cc1ccccc1,CHEMBL305108,7.70,IC50,nM,20.0,CHEMBL1808,I50,nM,20.0
CCCN1CCC[C@H](NC(=O)[C@@H](S)Cc2ccccc2)C(=O)N1CC(=O)O,CHEMBL61566,8.22,IC50,nM,6.0,CHEMBL1808,I50,nM,6.0
O=C(O)CN1C(=O)[C@@H](NC(=O)[C@@H](S)Cc2ccccc2)CCc2ccccc21,CHEMBL299639,7.92,IC50,nM,12.0,CHEMBL1808,I50,nM,12.0
O=C(N[C@H]1CCCN2CCC[C@@H](C(=O)O)N2C1=O)[C@@H](S)Cc1ccccc1,CHEMBL65545,8.10,IC50,nM,8.0,CHEMBL1808,I50,nM,8.0
O=C(O)CN1NCCC[C@H](NC(=O)[C@@H](S)Cc2ccccc2)C1=O,CHEMBL417034,7.22,IC50,nM,60.0,CHEMBL1808,I50,nM,60.0
C[C@H](NC(=O)[C@@H](N)Cc1ccccc1)C(=O)N1CCC[C@H]1C(=O)O,CHEMBL28361,5.85,IC50,nM,1400.0,CHEMBL1808,I50,M,0.0000014
CC(NC(C(=O)O)C1CCCN1C(=O)NCC(=O)O)C(=O)N1CCCC1C(=O)O,CHEMBL342373,8.22,IC50,nM,6.0,CHEMBL1808,I50,nM,6.0
C[C@H](N[C@@H](C(=O)O)[C@H](Cc1ccccc1)NC(=O)c1ccccc1)C(=O)N1CCC[C@H]1C(=O)O,CHEMBL2111942,5.85,IC50,nM,1400.0,CHEMBL1808,I50,nM,1400.0
CCOC(=O)[C@H](CCc1ccccc1)N[C@@H](C)C(=O)N1CCC[C@H]1C(=O)O,CHEMBL578,5.89,IC50,nM,1273.0,CHEMBL1808,IC50,nM,1273.0
CC(NC(C(=O)O)C1CCCN1C(=O)NC(CCCCN)C(=O)N1C(=O)CCC1C(=O)O)C(=O)N1CCCC1C(=O)O,CHEMBL434617,8.07,IC50,nM,8.5,CHEMBL1808,I50,nM,8.5
CCOC(=O)[C@H](CCc1ccccc1)N[C@@H](C)C(=O)N1CCC[C@H]1C(=O)O,CHEMBL578,6.85,IC50,nM,140.0,CHEMBL1808,IC50,nM,140.0
C[C@H](N[C@@H](CCc1ccccc1)C(=O)O)C(=O)N1CCC[C@H]1C(=O)O,CHEMBL577,8.92,IC50,nM,1.2,CHEMBL1808,I50,nM,1.2
C[C@H](N[C@@H](CCc1ccccc1)C(=O)O)C(=O)N1CCC[C@H]1C(=O)O,CHEMBL577,,IC50,nM,3.1,CHEMBL1808,IC50,nM,3.1
CC(NC(C(=O)O)C1CCCN1C(=O)NC(Cc1ccccc1)C(=O)O)C(=O)N1CCCC1C(=O)O,CHEMBL136312,8.27,IC50,nM,5.4,CHEMBL1808,I50,nM,5.4
C[C@H](N[C@@H](CCc1ccccc1)C(=O)O)C(=O)N1CC2(C[C@H]1C(=O)O)SCCS2,CHEMBL579,9.10,IC50,nM,0.8,CHEMBL1808,IC50,nM,0.8
C[C@H](N[C@H](C(=O)O)[C@H](Cc1ccccc1)NC(=O)c1ccccc1)C(=O)N1CCC[C@H]1C(=O)O,CHEMBL2112769,8.11,IC50,nM,7.7,CHEMBL1808,I50,nM,7.7
C[C@H](N[C@H](C[C@H](Cc1ccccc1)NC(=O)c1ccccc1)C(=O)O)C(=O)N1CCC[C@H]1C(=O)O,CHEMBL2111940,8.32,IC50,nM,4.8,CHEMBL1808,I50,nM,4.8
CCOC(=O)[C@H](CCc1ccccc1)N[C@@H](C)C(=O)N1Cc2ccccc2C[C@H]1C(=O)O,CHEMBL1592,8.08,IC50,nM,8.3,CHEMBL1808,IC50,nM,8.3
C[C@H](CS)C(=O)N1CCC[C@H]1C(=O)O,CHEMBL1560,7.70,IC50,nM,20.0,CHEMBL1808,I50,nM,20.0
O=C(CCC(=O)N1CCCC1C(=O)O)CCc1ccccc1,CHEMBL139523,,IC50,nM,2600000.0,CHEMBL1808,I50,M,0.0026
C[C@H](N[C@@H](CNC(=O)c1ccccc1)C(=O)O)C(=O)N1CCC[C@H]1C(=O)O,CHEMBL2112767,7.77,IC50,nM,17.0,CHEMBL1808,I50,nM,17.0
C[C@H](NC(=O)[C@H](Cc1ccccc1)NC(=O)c1ccccc1)C(=O)N1CCC[C@H]1C(=O)O,CHEMBL2370854,5.57,IC50,nM,2700.0,CHEMBL1808,I50,M,0.0000027
C[C@H](NC(=O)[C@H](Cc1ccccc1)NC(=O)[C@H](CCCCN)NC(=O)[C@@H]1CCC(=O)N1)C(=O)N1CCC[C@H]1C(=O)O,CHEMBL2370850,7.30,IC50,nM,50.0,CHEMBL1808,I50,M,5E-8
C[C@H](NC(=O)CCc1ccccc1)C(=O)N1CCC[C@H]1C(=O)O,CHEMBL2370859,,IC50,nM,330000.0,CHEMBL1808,I50,M,0.00033
CC(NC(C(=O)O)C1CCCN1C(=O)c1ccccc1)C(=O)N1CCCC1C(=O)O,CHEMBL335997,8.54,IC50,nM,2.9,CHEMBL1808,I50,nM,2.9
C[C@H](CS)C(=O)N1CCC[C@H]1C(=O)O,CHEMBL1560,7.89,IC50,nM,12.9,CHEMBL1808,IC50,nM,12.9
C[C@H](N[C@@H](C[C@H](Cc1ccccc1)NC(=O)c1ccccc1)C(=O)O)C(=O)N1CCC[C@H]1C(=O)O,CHEMBL2112768,8.52,IC50,nM,3.0,CHEMBL1808,I50,nM,3.0
NCCCC[C@H](N[C@@H](CCc1ccccc1)C(=O)O)C(=O)N1CC2(C[C@H]1C(=O)O)SCCS2,CHEMBL295690,9.30,IC50,nM,0.5,CHEMBL1808,IC50,nM,0.5
CC(NC(C(=O)O)C1CCCN1C(=O)NC(Cc1ccccc1)C(=O)NC(Cc1ccccc1)C(=O)O)C(=O)N1CCCC1C(=O)O,CHEMBL263460,8.54,IC50,nM,2.9,CHEMBL1808,I50,nM,2.9
CC(=O)N1CCCC1C(NC(C)C(=O)N1CCCC1C(=O)O)C(=O)O,CHEMBL342652,8.03,IC50,nM,9.4,CHEMBL1808,I50,nM,9.4
C[C@H](NC(CNC(=O)c1ccccc1)C(=O)O)C(=O)N1CCC[C@H]1C(=O)O,CHEMBL2111941,7.40,IC50,nM,40.0,CHEMBL1808,I50,nM,40.0
C[C@H](N[C@H](C(=O)O)[C@@H]1CCCN1)C(=O)N1CCC[C@H]1C(=O)O,CHEMBL3037879,6.16,IC50,nM,700.0,CHEMBL1808,I50,nM,700.0
CCOC(=O)[C@H](CCc1ccccc1)N[C@@H](CCCCN)C(=O)N1CC2(C[C@H]1C(=O)O)SCCS2,CHEMBL415881,6.70,IC50,nM,200.0,CHEMBL1808,IC50,nM,200.0
C[C@H](N[C@@H](CCc1ccccc1)C(=O)O)C(=O)N1CCC[C@H]1C(=O)O,CHEMBL577,8.59,IC50,nM,2.6,CHEMBL1808,IC50,nM,2.6
C[C@H](N[C@@H](CCc1ccccc1)C(=O)O)C(=O)N1Cc2ccccc2C[C@H]1C(=O)O,CHEMBL1733,8.54,IC50,nM,2.9,CHEMBL1808,IC50,nM,2.9
O=C(N[C@@H](Cc1ccccc1)C(=O)CCC(=O)N1CCC[C@H]1C(=O)O)c1ccccc1,CHEMBL435360,7.92,IC50,nM,12.0,CHEMBL1808,I50,M,1.2E-8
CCOC(=O)C(CCc1ccccc1)NC(C)C(=O)N1Cc2ccccc2CC1C(=O)OCC,CHEMBL412893,6.36,IC50,nM,440.0,CHEMBL1808,IC50,uM,0.44
CC(NC(CCc1ccccc1)C(=O)O)C(=O)N1Cc2ccccc2C1C(=O)O,CHEMBL58480,8.51,IC50,nM,3.1,CHEMBL1808,IC50,uM,0.0031
CCOC(=O)[C@H](CCc1ccccc1)N[C@@H](C)C(=O)N1CCC[C@H]1C(=O)O,CHEMBL578,6.85,IC50,nM,140.0,CHEMBL1808,IC50,uM,0.14
COc1cc2c(cc1OC)CN(C(=O)C(C)NC(CCc1ccccc1)C(=O)O)C(C(=O)O)C2,CHEMBL58042,8.52,IC50,nM,3.0,CHEMBL1808,IC50,uM,0.003
CC(CS)C(=O)N1Cc2ccccc2C1C(=O)O,CHEMBL62203,4.85,IC50,nM,14000.0,CHEMBL1808,IC50,uM,14.0
CCOC(=O)[C@H](CCc1ccccc1)N[C@@H](C)C(=O)N1Cc2cc(OC)c(OC)cc2C[C@H]1C(=O)O,CHEMBL1165,7.25,IC50,nM,56.0,CHEMBL1808,IC50,uM,0.056
CCOC(=O)C(CCc1ccccc1)NC(C)C(=O)N1Cc2cc(OC)c(OC)cc2CC1C(=O)OCc1ccccc1,CHEMBL58340,6.52,IC50,nM,300.0,CHEMBL1808,IC50,uM,0.3
CC(=O)SCCC(=O)N1Cc2ccccc2C1C(=O)OC(C)(C)C,CHEMBL59401,,IC50,nM,,CHEMBL1808,IC50,uM,
CCOC(=O)[C@@H](CCc1ccccc1)N[C@@H](C)C(=O)N1Cc2cc(OC)c(OC)cc2C[C@H]1C(=O)O,CHEMBL2115075,5.96,IC50,nM,1100.0,CHEMBL1808,IC50,uM,1.1
C[C@H](N[C@@H](CCc1ccccc1)C(=O)O)C(=O)N1Cc2ccccc2C[C@H]1C(=O)O,CHEMBL1733,8.55,IC50,nM,2.8,CHEMBL1808,IC50,uM,0.0028
CC(=O)SCC(C)C(=O)N1Cc2ccccc2C1C(=O)O,CHEMBL57200,4.62,IC50,nM,24000.0,CHEMBL1808,IC50,uM,24.0
C[C@H](N[C@@H](CCc1ccccc1)C(=O)O)C(=O)N1CCC[C@H]1C(=O)O,CHEMBL577,8.62,IC50,nM,2.4,CHEMBL1808,IC50,uM,0.0024
CCOC(=O)C(CCc1ccccc1)NC(C)C(=O)N1Cc2cc(OC)c(OC)cc2CC1C(=O)OCC,CHEMBL60702,6.28,IC50,nM,520.0,CHEMBL1808,IC50,uM,0.52
CC(NC(CCc1ccccc1)C(=O)O)C(=O)N1CCc2ccccc2C1C(=O)O,CHEMBL61811,8.24,IC50,nM,5.8,CHEMBL1808,IC50,uM,0.0058
CCOC(=O)C(CCc1ccccc1)N(C)C(C)C(=O)N1Cc2ccccc2CC1C(=O)O,CHEMBL291552,,IC50,nM,10000.0,CHEMBL1808,IC50,uM,10.0
CC(CS)C(=O)N1CCc2ccccc2C1,CHEMBL59354,4.32,IC50,nM,48000.0,CHEMBL1808,IC50,uM,48.0
CCOC(=O)[C@@H](CCc1ccccc1)N[C@@H](C)C(=O)N1Cc2ccccc2C[C@H]1C(=O)O,CHEMBL2114322,6.70,IC50,nM,200.0,CHEMBL1808,IC50,uM,0.2
C[C@H](CS)C(=O)N1CCC[C@H]1C(=O)O,CHEMBL1560,7.89,IC50,nM,13.0,CHEMBL1808,IC50,uM,0.013
CCOC(=O)[C@H](CCc1ccccc1)N[C@@H](C)C(=O)N1Cc2ccccc2C[C@H]1C(=O)O,CHEMBL1592,8.08,IC50,nM,8.3,CHEMBL1808,IC50,uM,0.0083
CC(=O)SCC(C)C(=O)N1CCc2ccccc2C1C(=O)O,CHEMBL57201,,IC50,nM,100000.0,CHEMBL1808,IC50,uM,100.0
CC(=O)SCC(C)C(=O)N1Cc2ccccc2CC1C(=O)O,CHEMBL58720,6.89,IC50,nM,130.0,CHEMBL1808,IC50,uM,0.13
CCOC(=O)[C@H](CCc1ccccc1)N[C@@H](C)C(=O)N1Cc2ccccc2C[C@@H]1C(=O)O,CHEMBL2115288,5.21,IC50,nM,6100.0,CHEMBL1808,IC50,uM,6.1
CC(CS)C(=O)N1CCc2ccccc2C1C(=O)O,CHEMBL61916,4.24,IC50,nM,58000.0,CHEMBL1808,IC50,uM,58.0
CC(=O)SCC(C)C(=O)N1CCc2ccccc2C1,CHEMBL57202,4.31,IC50,nM,49000.0,CHEMBL1808,IC50,uM,49.0
CCOC(=O)[C@H](CCc1ccccc1)N[C@@H](C)C(=O)N1Cc2ccccc2[C@H]1C(=O)O,CHEMBL2115478,7.36,IC50,nM,44.0,CHEMBL1808,IC50,uM,0.044
CCOC(=O)[C@H](CCc1ccccc1)N[C@@H](C)C(=O)N1Cc2ccccc2[C@@H]1C(=O)O,CHEMBL2115076,,IC50,nM,1000.0,CHEMBL1808,IC50,uM,1.0
O=C(O)C1c2ccccc2CN1C(=O)CCS,CHEMBL417226,4.24,IC50,nM,58000.0,CHEMBL1808,IC50,uM,58.0
CC(=O)SCCC(=O)N1Cc2ccccc2C1C(=O)O,CHEMBL61137,4.66,IC50,nM,22000.0,CHEMBL1808,IC50,uM,22.0
CC(CS)C(=O)N1Cc2ccccc2CC1C(=O)O,CHEMBL279737,7.75,IC50,nM,18.0,CHEMBL1808,IC50,uM,0.018
CCOC(=O)[C@H](CCc1ccccc1)N[C@@H](C)C(=O)N1Cc2cc(OC)c(OC)cc2C[C@@H]1C(=O)O,CHEMBL3350318,4.05,IC50,nM,90000.0,CHEMBL1808,IC50,uM,90.0
C[C@H](N)C(=O)N[C@@H](Cc1ccccc1)C(=O)O,CHEMBL57338,,IC50,nM,190546.07,CHEMBL1808,Log 1/IC50,,3.72
NCCCC[C@H](N)C(=O)NCC(=O)O,CHEMBL91561,,IC50,nM,3235936.57,CHEMBL1808,Log 1/IC50,,2.49
NCC(=O)NCC(=O)O,CHEMBL292467,,IC50,nM,7244359.6,CHEMBL1808,Log 1/IC50,,2.14
O=C(O)CN1CCCCCC(NC(CCc2ccccc2)C(=O)O)C1=O,CHEMBL86518,5.77,IC50,nM,1700.0,CHEMBL1808,IC50,M,0.0000017
O=C(O)CN1CCCCCC(NC(CCc2ccccc2)C(=O)O)C1=O,CHEMBL86518,8.32,IC50,nM,4.8,CHEMBL1808,IC50,M,4.8E-9
CC[C@H](C)[C@H](N)C(=O)N[C@@H](Cc1ccc(O)cc1)C(=O)O,CHEMBL91090,5.43,IC50,nM,3715.35,CHEMBL1808,Log 1/IC50,,5.43
CC[C@H](C)[C@H](N)C(=O)N1CCC[C@@H]1C(=O)O,CHEMBL94119,,IC50,nM,128824.96,CHEMBL1808,Log 1/IC50,,3.89
NCCCC[C@H](NC(=O)CN)C(=O)O,CHEMBL420061,,IC50,nM,5370317.96,CHEMBL1808,Log 1/IC50,,2.27
CC(C)[C@H](N)C(=O)N[C@@H](Cc1ccc(O)cc1)C(=O)O,CHEMBL90069,4.66,IC50,nM,21877.62,CHEMBL1808,Log 1/IC50,,4.66
C[C@H](N)C(=O)N1CCC[C@@H]1C(=O)O,CHEMBL327608,,IC50,nM,229086.77,CHEMBL1808,Log 1/IC50,,3.64
CC(C)[C@H](N)C(=O)N1CCC[C@H]1C(=O)O,CHEMBL439762,,IC50,nM,416869.38,CHEMBL1808,Log 1/IC50,,3.38
NCC(=O)N1CCC[C@H]1C(=O)O,CHEMBL80548,,IC50,nM,446683.59,CHEMBL1808,Log 1/IC50,,3.35
CC[C@H](C)[C@H](N)C(=O)N[C@@H](Cc1ccccc1)C(=O)O,CHEMBL91330,,IC50,nM,933254.3,CHEMBL1808,Log 1/IC50,,3.03
NCC(=O)N[C@@H](Cc1cnc[nH]1)C(=O)O,CHEMBL93127,,IC50,nM,3090295.43,CHEMBL1808,Log 1/IC50,,2.51
C[C@H](NC(=O)[C@@H](N)CCC(=O)O)C(=O)O,CHEMBL90074,,IC50,nM,10000000.0,CHEMBL1808,Log 1/IC50,,2.0
NC1CCN(CC(=O)O)C1=O,CHEMBL315579,,IC50,nM,,CHEMBL1808,IC50,M,
C[C@H](CS)C(=O)N1C[C@H](NC(=O)C(CS)Cc2ccccc2)C[C@H]1C(=O)O,CHEMBL91623,7.75,IC50,nM,18.0,CHEMBL1808,IC50,nM,18.0
CC(C)C[C@H](N)C(=O)N[C@@H](C)C(=O)O,CHEMBL541207,,IC50,nM,309029.54,CHEMBL1808,Log 1/IC50,,3.51
C[C@@H](O)[C@H](NC(=O)CN)C(=O)O,CHEMBL420983,,IC50,nM,5754399.37,CHEMBL1808,Log 1/IC50,,2.24
CC(C)[C@H](NC(=O)CN)C(=O)O,CHEMBL56035,,IC50,nM,4570881.9,CHEMBL1808,Log 1/IC50,,2.34
C[C@H](N[C@@H](CCc1ccccc1)C(=O)O)C(=O)N1C[C@@H](NC(=O)NC(CS)Cc2ccccc2)C[C@H]1C(=O)O,CHEMBL329801,7.37,IC50,nM,43.0,CHEMBL1808,IC50,nM,43.0
N[C@@H](Cc1ccc(O)cc1)C(=O)NCC(=O)O,CHEMBL89956,,IC50,nM,1995262.31,CHEMBL1808,Log 1/IC50,,2.7
O=C(O)CN1CCCCC(NC(CCc2ccccc2)C(=O)O)C1=O,CHEMBL85175,6.16,IC50,nM,700.0,CHEMBL1808,IC50,M,7E-7
O=C(O)CN1CCCCC(NC(CCc2ccccc2)C(=O)O)C1=O,CHEMBL85175,7.72,IC50,nM,19.0,CHEMBL1808,IC50,M,1.9E-8
O=C(O)CN1CCCCC[C@H](N[C@@H](CCc2ccccc2)C(=O)O)C1=O,CHEMBL2114219,8.70,IC50,nM,2.0,CHEMBL1808,IC50,M,2E-9
C[C@H](N[C@@H](CCc1ccccc1)C(=O)O)C(=O)N1C[C@H](NC(=O)C(CS)Cc2ccccc2)C[C@H]1C(=O)O,CHEMBL88328,6.60,IC50,nM,253.0,CHEMBL1808,IC50,nM,253.0
CC(C)C[C@H](NC(=O)CN)C(=O)O,CHEMBL56119,,IC50,nM,2511886.43,CHEMBL1808,Log 1/IC50,,2.6
CSCC[C@H](NC(=O)CN)C(=O)O,CHEMBL330552,,IC50,nM,1412537.54,CHEMBL1808,Log 1/IC50,,2.85
C[C@H](N)C(=O)NCC(=O)O,CHEMBL94250,,IC50,nM,2511886.43,CHEMBL1808,Log 1/IC50,,2.6
N[C@@H](CO)C(=O)NCC(=O)O,CHEMBL90610,,IC50,nM,8511380.38,CHEMBL1808,Log 1/IC50,,2.07
NCC(=O)N[C@@H](CC(=O)O)C(=O)O,CHEMBL91392,,IC50,nM,9120108.39,CHEMBL1808,Log 1/IC50,,2.04
C[C@H](N)C(=O)N1CCC[C@H]1C(=O)O,CHEMBL414828,4.38,IC50,nM,42000.0,CHEMBL1808,IC50,M,0.000042
C[C@H](O)[C@H](N)C(=O)NCC(=O)O,CHEMBL328594,,IC50,nM,10000000.0,CHEMBL1808,Log 1/IC50,,2.0
NC1CCCN(CC(=O)O)C1=O,CHEMBL314707,,IC50,nM,1700000.0,CHEMBL1808,IC50,M,0.0017
C[C@H](N[C@@H](CCc1ccccc1)C(=O)O)C(=O)N1C[C@H](OC(=O)NC(CS)Cc2ccccc2)C[C@H]1C(=O)O,CHEMBL422419,6.30,IC50,nM,506.0,CHEMBL1808,IC50,nM,506.0
C[C@H](N)C(=O)N[C@@H](C)C(=O)O,CHEMBL17697,,IC50,nM,616595.0,CHEMBL1808,Log 1/IC50,,3.21
O=C(O)CN1CCCC(NC(CCc2ccccc2)C(=O)O)C1=O,CHEMBL314706,6.37,IC50,nM,430.0,CHEMBL1808,IC50,M,4.3E-7
O=C(O)CN1CCCC(NC(CCc2ccccc2)C(=O)O)C1=O,CHEMBL314706,5.77,IC50,nM,1700.0,CHEMBL1808,IC50,M,0.0000017
NC1CCCCCN(CC(=O)O)C1=O,CHEMBL84966,,IC50,nM,440000.0,CHEMBL1808,IC50,M,0.00044
C[C@H](NC(=O)[C@@H](N)CCCCN)C(=O)O,CHEMBL93178,,IC50,nM,380189.4,CHEMBL1808,Log 1/IC50,,3.42
NCC(=O)N[C@@H](CCC(N)=O)C(=O)O,CHEMBL330038,,IC50,nM,7079457.84,CHEMBL1808,Log 1/IC50,,2.15
C[C@H](NC(=O)[C@@H](N)CC(=O)O)C(=O)O,CHEMBL17503,,IC50,nM,3801893.96,CHEMBL1808,Log 1/IC50,,2.42
NCC(=O)N[C@@H](Cc1ccccc1)C(=O)O,CHEMBL299889,,IC50,nM,630957.34,CHEMBL1808,Log 1/IC50,,3.2
CC[C@H](C)[C@H](N)C(=O)N[C@@H](Cc1c[nH]c2ccccc12)C(=O)O,CHEMBL56923,5.70,IC50,nM,1995.26,CHEMBL1808,Log 1/IC50,,5.7
NC(N)=NCCC[C@H](N)C(=O)N[C@@H](Cc1ccccc1)C(=O)O,CHEMBL92255,,IC50,nM,229086.77,CHEMBL1808,Log 1/IC50,,3.64
NCC(=O)N[C@@H](Cc1ccc(O)cc1)C(=O)O,CHEMBL53400,,IC50,nM,208929.61,CHEMBL1808,Log 1/IC50,,3.68
N[C@@H](Cc1c[nH]c2ccccc12)C(=O)NCC(=O)O,CHEMBL327588,,IC50,nM,5888436.55,CHEMBL1808,Log 1/IC50,,2.23
C[C@H](N)C(=O)N[C@@H](Cc1c[nH]c2ccccc12)C(=O)O,CHEMBL91792,5.00,IC50,nM,10000.0,CHEMBL1808,Log 1/IC50,,5.0
NCC(=O)N[C@@H](CCCN=C(N)N)C(=O)O,CHEMBL96806,,IC50,nM,3235936.57,CHEMBL1808,Log 1/IC50,,2.49
C[C@H](NC(=O)[C@@H](N)Cc1ccc(O)cc1)C(=O)O,CHEMBL316103,,IC50,nM,457088.19,CHEMBL1808,Log 1/IC50,,3.34
CSCC[C@H](N)C(=O)NCC(=O)O,CHEMBL90972,,IC50,nM,4786300.92,CHEMBL1808,Log 1/IC50,,2.32
O=C(O)CN1CCC(NC(CCc2ccccc2)C(=O)O)C1=O,CHEMBL86891,4.92,IC50,nM,12000.0,CHEMBL1808,IC50,M,0.000012
O=C(O)CN1CCC(NC(CCc2ccccc2)C(=O)O)C1=O,CHEMBL86891,4.72,IC50,nM,19000.0,CHEMBL1808,IC50,M,0.000019
C[C@H](N[C@@H](CCc1ccccc1)C(=O)O)C(=O)N1C[C@@H](NC(=O)C(CS)Cc2ccccc2)C[C@H]1C(=O)O,CHEMBL312918,7.38,IC50,nM,42.0,CHEMBL1808,IC50,nM,42.0
O=C(O)CN1CCCCC[C@@H](N[C@H](CCc2ccccc2)C(=O)O)C1=O,CHEMBL3350294,7.04,IC50,nM,92.0,CHEMBL1808,IC50,M,9.2E-8
CCOC(=O)[C@H](CCc1ccccc1)N[C@@H](C)C(=O)N1CCC[C@H]1C(=O)O,CHEMBL578,,IC50,nM,1.2,CHEMBL1808,IC50,nM,1.2
C[C@H](N)C(=O)N[C@@H](Cc1ccc(O)cc1)C(=O)O,CHEMBL94016,4.06,IC50,nM,87096.36,CHEMBL1808,Log 1/IC50,,4.06
CC[C@H](C)[C@H](NC(=O)CN)C(=O)O,CHEMBL55433,,IC50,nM,1202264.43,CHEMBL1808,Log 1/IC50,,2.92
C[C@H](CS)C(=O)N1C[C@@H](NC(=O)C(CS)Cc2ccc(-c3ccccc3)cc2)C[C@H]1C(=O)O,CHEMBL89547,6.16,IC50,nM,696.0,CHEMBL1808,IC50,nM,696.0
CC(C)[C@H](N)C(=O)N[C@@H](Cc1c[nH]c2ccccc12)C(=O)O,CHEMBL91777,5.80,IC50,nM,1584.89,CHEMBL1808,Log 1/IC50,,5.8
NC(N)=NCCC[C@H](N)C(=O)N[C@@H](Cc1c[nH]c2ccccc12)C(=O)O,CHEMBL91160,4.80,IC50,nM,15848.93,CHEMBL1808,Log 1/IC50,,4.8
O=C(O)CN1CCCCCCC(NC(CCc2ccccc2)C(=O)O)C1=O,CHEMBL86915,5.89,IC50,nM,1300.0,CHEMBL1808,IC50,M,0.0000013
O=C(O)CN1CCCCCCC(NC(CCc2ccccc2)C(=O)O)C1=O,CHEMBL86915,8.09,IC50,nM,8.1,CHEMBL1808,IC50,M,8.1E-9
CC(C)[C@H](N)C(=O)N[C@@H](Cc1ccccc1)C(=O)O,CHEMBL8486,4.28,IC50,nM,52480.75,CHEMBL1808,Log 1/IC50,,4.28
NCC(=O)N[C@@H](CCC(=O)O)C(=O)O,CHEMBL314532,,IC50,nM,5370317.96,CHEMBL1808,Log 1/IC50,,2.27
C[C@H](CS)C(=O)N1C[C@@H](NC(=O)C(CS)Cc2ccccc2)C[C@H]1C(=O)O,CHEMBL328327,7.06,IC50,nM,87.0,CHEMBL1808,IC50,nM,87.0
N=C(N)NCCC[C@H](NC(=O)[C@@H](N)Cc1ccccc1)C(=O)O,CHEMBL291636,,IC50,nM,912010.84,CHEMBL1808,Log 1/IC50,,3.04
N[C@@H](CC(=O)O)C(=O)NCC(=O)O,CHEMBL421171,,IC50,nM,14125375.45,CHEMBL1808,Log 1/IC50,,1.85
C[C@H](CS)C(=O)N1CCC[C@H]1C(=O)O,CHEMBL1560,7.64,IC50,nM,23.0,CHEMBL1808,IC50,nM,23.0
C[C@H](CS)C(=O)N1C[C@@H](NC(=O)NC(CS)Cc2ccccc2)C[C@H]1C(=O)O,CHEMBL330316,6.83,IC50,nM,147.0,CHEMBL1808,IC50,nM,147.0
NCC(=O)N[C@@H](Cc1c[nH]c2ccccc12)C(=O)O,CHEMBL299759,4.52,IC50,nM,30199.52,CHEMBL1808,Log 1/IC50,,4.52
C[C@H](NC(=O)CN)C(=O)O,CHEMBL91241,,IC50,nM,1995262.31,CHEMBL1808,Log 1/IC50,,2.7
N[C@@H](Cc1c[nH]cn1)C(=O)NCC(=O)O,CHEMBL90452,,IC50,nM,6309573.44,CHEMBL1808,Log 1/IC50,,2.2
CC(C)C[C@H](NC(=O)[C@@H](N)Cc1c[nH]cn1)C(=O)O,CHEMBL90260,,IC50,nM,3235936.57,CHEMBL1808,Log 1/IC50,,2.49
NC1CCCCN(CC(=O)O)C1=O,CHEMBL316374,,IC50,nM,480000.0,CHEMBL1808,IC50,M,0.00048
NC(=O)CC[C@H](N)C(=O)NCC(=O)O,CHEMBL90670,,IC50,nM,7413102.41,CHEMBL1808,Log 1/IC50,,2.13
C[C@H](NC(=O)[C@@H](N)CCCN=C(N)N)C(=O)O,CHEMBL328471,,IC50,nM,457088.19,CHEMBL1808,Log 1/IC50,,3.34
CC(C)C[C@H](N)C(=O)NCC(=O)O,CHEMBL55711,,IC50,nM,8709635.9,CHEMBL1808,Log 1/IC50,,2.06
N[C@@H](CCC(=O)O)C(=O)NCC(=O)O,CHEMBL421361,,IC50,nM,10000000.0,CHEMBL1808,Log 1/IC50,,2.0
NC(N)=NCCC[C@H](N)C(=O)N1CCC[C@@H]1C(=O)O,CHEMBL90575,,IC50,nM,181970.09,CHEMBL1808,Log 1/IC50,,3.74
CC(C)[C@H](N)C(=O)NCC(=O)O,CHEMBL301546,,IC50,nM,1096478.2,CHEMBL1808,Log 1/IC50,,2.96
CC[C@H](C)[C@H](N)C(=O)NCC(=O)O,CHEMBL301979,,IC50,nM,1202264.43,CHEMBL1808,Log 1/IC50,,2.92
NCC(=O)N[C@@H](CO)C(=O)O,CHEMBL90973,,IC50,nM,3801893.96,CHEMBL1808,Log 1/IC50,,2.42
O=C(O)CNC(=O)[C@@H]1CCCN1,CHEMBL59426,,IC50,nM,16982436.52,CHEMBL1808,Log 1/IC50,,1.77
C[C@H](N[C@@H](CCc1ccccc1)C(=O)O)C(=O)N1CCC[C@H]1C(=O)O,CHEMBL577,8.92,IC50,nM,1.2,CHEMBL1808,IC50,M,1.2E-9
CCOC(=O)[C@H](CCc1ccccc1)N[C@@H](C)C(=O)N1CCC[C@H]1C(=O)O,CHEMBL578,5.92,IC50,nM,1200.0,CHEMBL1808,IC50,uM,1.2
C[C@H](CS)C(=O)N1CCC[C@H]1C(=O)O,CHEMBL1560,6.52,IC50,nM,300.0,CHEMBL1808,I 50,nM,300.0
NCCCCC(NC(=O)C1CCC1)C(=O)NC(Cc1ccccc1)C(=O)CCC(=O)N1CCCC1C(=O)O.O=C(O)C(F)(F)F,CHEMBL274550,8.15,IC50,nM,7.0,CHEMBL1808,I 50,nM,7.0
CC(CC(=O)C(Cc1ccccc1)NC(=O)C(CCCCN)NC(=O)C1CCC1)C(=O)N1CCCC1C(=O)O.O=C(O)C(F)(F)F,CHEMBL10521,8.52,IC50,nM,3.0,CHEMBL1808,I 50,nM,3.0
O=C(N[C@@H](Cc1ccccc1)C(=O)CCC(=O)N1CCC[C@H]1C(=O)O)c1ccccc1,CHEMBL435360,7.16,IC50,nM,70.0,CHEMBL1808,I 50,nM,70.0
C[C@H](N[C@@H](CCc1ccccc1)C(=O)O)C(=O)N1CCC[C@H]1C(=O)O,CHEMBL577,8.92,IC50,nM,1.2,CHEMBL1808,IC50,uM,0.0012
C[C@H](CS)C(=O)N1CCC[C@H]1C(=O)O,CHEMBL1560,7.60,IC50,nM,25.0,CHEMBL1808,IC50,uM,0.025
CC(C)CCC(NC(C)C(=O)N1CCCC1C(=O)O)C(=O)O,CHEMBL108606,8.10,IC50,nM,7.943,CHEMBL1808,-Log IC50,,8.1
CC(NC(CCC(=O)Nc1ccc(I)cc1)C(=O)O)C(=O)N1CCCC1C(=O)O,CHEMBL110925,9.10,IC50,nM,0.7943,CHEMBL1808,-Log IC50,,9.1
CC(NC(=O)C1CCCCC1S)C(=O)N1CCCC1C(=O)O,CHEMBL107700,8.00,IC50,nM,10.0,CHEMBL1808,-Log IC50,,8.0
CC1(CS)C(=O)N2CCCC(C(=O)O)N2C1=O,CHEMBL105790,5.50,IC50,nM,3162.28,CHEMBL1808,-Log IC50,,5.5
O=C(O)C1CCCN1C(=O)C1CCCC1S,CHEMBL321012,6.90,IC50,nM,125.89,CHEMBL1808,-Log IC50,,6.9
O=C(O)CN1C(=O)C(NC(CCc2ccccc2)C(=O)O)CCc2ccccc21,CHEMBL80906,8.00,IC50,nM,10.0,CHEMBL1808,-Log IC50,,8.0
NCCCCC(NC(CCc1ccccc1)C(=O)O)C(=O)N1CCCC1C(=O)O,CHEMBL105890,8.40,IC50,nM,3.981,CHEMBL1808,-Log IC50,,8.4
O=C(O)CNC(=O)C(CS)Cc1ccccc1,CHEMBL10247,6.50,IC50,nM,316.23,CHEMBL1808,-Log IC50,,6.5
CC(OP(=O)(O)C(CCc1ccccc1)NC(=O)c1ccccc1)C(=O)N1CCCC1C(=O)O,CHEMBL109178,7.40,IC50,nM,39.81,CHEMBL1808,-Log IC50,,7.4
C[C@H](N[C@@H](CCc1ccccc1)C(=O)O)C(=O)N1CCC[C@H]1C(=O)O,CHEMBL577,8.40,IC50,nM,3.981,CHEMBL1808,-Log IC50,,8.4
O=C(O)CCc1cc(O)c2n(c1=O)C(C(=O)O)CC2,CHEMBL107635,7.50,IC50,nM,31.62,CHEMBL1808,-Log IC50,,7.5
O=C(NC(Cc1ccccc1)C(=O)CCC(=O)N1CCCC1C(=O)O)c1ccccc1,CHEMBL10465,8.00,IC50,nM,10.0,CHEMBL1808,-Log IC50,,8.0
CC(NP(=O)(O)CCc1ccccc1)C(=O)N1CCCC1C(=O)O,CHEMBL62955,7.60,IC50,nM,25.12,CHEMBL1808,-Log IC50,,7.6
CC(NC(CCc1cccc2ccccc12)C(=O)O)C(=O)N1CCCC1C(=O)O,CHEMBL105971,8.50,IC50,nM,3.162,CHEMBL1808,-Log IC50,,8.5
CC(C)CC(NP(=O)(O)OC1OC(C)C(O)C(O)C1O)C(=O)NC(Cc1c[nH]c2ccccc12)C(=O)O,CHEMBL41289,8.30,IC50,nM,5.012,CHEMBL1808,-Log IC50,,8.3
O=C(O)C1CCCN2C(=O)CC(CS)C(=O)N12,CHEMBL325544,6.90,IC50,nM,125.89,CHEMBL1808,-Log IC50,,6.9
CC(NP(=O)(O)O)C(=O)C1CCCC1C(=O)O,CHEMBL110870,8.30,IC50,nM,5.012,CHEMBL1808,-Log IC50,,8.3
O=C(O)C1CC2(CN1C(=O)CP(=O)(O)CCCCc1ccccc1)SCCS2,CHEMBL108988,7.90,IC50,nM,12.59,CHEMBL1808,-Log IC50,,7.9
CC(CS)C(=O)N1C(=O)CCC1C(=O)O,CHEMBL110375,7.50,IC50,nM,31.62,CHEMBL1808,-Log IC50,,7.5
CC1CCCC(NC(CCc2ccccc2)C(=O)O)C(=O)N1CC(=O)O,CHEMBL110439,8.00,IC50,nM,10.0,CHEMBL1808,-Log IC50,,8.0
O=C(O)CC(=O)NC(CS)Cc1ccccc1,CHEMBL38405,,IC50,nM,1000000000.0,CHEMBL1808,-Log IC50,,0.0
O=C(O)C1CCC(=O)N1CCCS,CHEMBL323051,,IC50,nM,1000000000.0,CHEMBL1808,-Log IC50,,0.0
C[C@H](CS)C(=O)N1CCC[C@H]1C(=O)O,CHEMBL1560,7.10,IC50,nM,79.43,CHEMBL1808,-Log IC50,,7.1
O=C(O)C(CCc1ccccc1)NC1CCCC2SCC(C(=O)O)N2C1=O,CHEMBL322266,8.70,IC50,nM,1.995,CHEMBL1808,-Log IC50,,8.7
O=C(O)C1CCCN1C(=O)C1CCC1S,CHEMBL106193,6.80,IC50,nM,158.49,CHEMBL1808,-Log IC50,,6.8
O=C(SC1CCCC1C(=O)N1CCCC1C(=O)O)c1ccccc1,CHEMBL111578,7.20,IC50,nM,63.1,CHEMBL1808,-Log IC50,,7.2
O=C(O)Cn1c(=O)n2n(c1=O)C(C(=O)O)C=CC2,CHEMBL326902,8.50,IC50,nM,3.162,CHEMBL1808,-Log IC50,,8.5
O=C(O)C1C=CCn2c(=O)n(CS)c(=O)n21,CHEMBL322291,5.60,IC50,nM,2511.89,CHEMBL1808,-Log IC50,,5.6
CC(CS)C(=O)N1c2ccccc2CC1C(=O)O,CHEMBL23849,7.90,IC50,nM,12.59,CHEMBL1808,-Log IC50,,7.9
O=C(O)C1CSC(c2ccccc2O)N1C(=O)CCS,CHEMBL110444,7.70,IC50,nM,19.95,CHEMBL1808,-Log IC50,,7.7
CC(C)C(C(=O)NC(Cc1ccc(O)cc1)C(=O)O)C(S)CCc1ccccc1,CHEMBL172787,5.35,IC50,nM,4500.0,CHEMBL1808,IC50,uM,4.5
CCOC(=O)[C@H](CSCc1ccccc1)N[C@H]1CCc2ccccc2N(CC(=O)O)C1=O,CHEMBL40963,,IC50,nM,,CHEMBL1808,IC50,nM,
CC(C)C[C@@H](S)[C@H](Cc1ccccc1)C(=O)N[C@@H](C)C(=O)O,CHEMBL174237,5.30,IC50,nM,5000.0,CHEMBL1808,IC50,uM,5.0
CCCCC(NC(=O)C(Cc1ccccc1)C(C)S)C(=O)NC(Cc1ccc(O)cc1)C(=O)O,CHEMBL174066,5.21,IC50,nM,6100.0,CHEMBL1808,IC50,uM,6.1
CCC[C@H](N[C@H]1CCc2ccccc2N(CC(=O)O)C1=O)C(=O)O,CHEMBL44139,8.22,IC50,nM,6.0,CHEMBL1808,IC50,nM,6.0
CC(C)CC(S)CC(=O)NC(Cc1ccccc1)C(=O)NC(Cc1ccc(O)cc1)C(=O)O,CHEMBL367174,5.55,IC50,nM,2800.0,CHEMBL1808,IC50,uM,2.8
CCOC(=O)[C@H](CCCCNC(=O)c1ccccc1)N[C@H]1CCc2ccccc2N(CC(=O)O)C1=O,CHEMBL288370,,IC50,nM,,CHEMBL1808,IC50,nM,
CCOC(=O)[C@H](COCc1ccccc1)N[C@H]1CCc2ccccc2N(CC(=O)O)C1=O,CHEMBL287921,,IC50,nM,,CHEMBL1808,IC50,nM,
O=C(O)CN1C(=O)[C@@H](N[C@@H](CSCc2ccccc2)C(=O)O)CCc2ccccc21,CHEMBL289267,8.54,IC50,nM,2.9,CHEMBL1808,IC50,nM,2.9
CC(C)C(NC(=O)C(Cc1ccccc1)C(C)S)C(=O)NC(Cc1ccc(O)cc1)C(=O)O,CHEMBL176960,5.89,IC50,nM,1300.0,CHEMBL1808,IC50,uM,1.3
O=C(O)CN1C(=O)[C@@H](N[C@@H](CSc2ccccc2)C(=O)O)CCc2ccccc21,CHEMBL38613,8.40,IC50,nM,4.0,CHEMBL1808,IC50,nM,4.0
O=C(O)C(Cc1ccc(O)cc1)NC(=O)C(Cc1ccccc1)C(S)CCc1ccccc1,CHEMBL175110,5.80,IC50,nM,1600.0,CHEMBL1808,IC50,uM,1.6
CCOC(=O)[C@H](CCCCN)N[C@H]1CCc2ccccc2N(CC(=O)O)C1=O,CHEMBL417169,7.40,IC50,nM,40.0,CHEMBL1808,IC50,nM,40.0
CCOC(=O)[C@H](CCSC)N[C@H]1CCc2ccccc2N(CC(=O)O)C1=O,CHEMBL41081,,IC50,nM,,CHEMBL1808,IC50,nM,
O=C(O)CNC(=O)C(CS)Cc1ccccc1,CHEMBL10247,6.85,IC50,nM,140.0,CHEMBL1808,IC50,uM,0.14
CC(C)CC(S)C(Cc1ccccc1)C(=O)NC(Cc1ccc(O)cc1)C(=O)O,CHEMBL171850,6.15,IC50,nM,710.0,CHEMBL1808,IC50,uM,0.71
CCOC(=O)[C@H](CSc1ccccc1)N[C@H]1CCc2ccccc2N(CC(=O)O)C1=O,CHEMBL40535,,IC50,nM,,CHEMBL1808,IC50,nM,
O=C(O)CN1C(=O)[C@@H](N[C@@H](Cc2ccccc2)C(=O)O)CCc2ccccc21,CHEMBL290802,8.07,IC50,nM,8.5,CHEMBL1808,IC50,nM,8.5
COC(=O)[C@H](CC(C)C)N[C@H]1CCc2ccccc2N(CC(=O)O)C1=O,CHEMBL290328,6.00,IC50,nM,1000.0,CHEMBL1808,IC50,nM,1000.0
CCOC(=O)[C@H](Cc1c[nH]c2ccccc12)N[C@H]1CCc2ccccc2N(CC(=O)O)C1=O,CHEMBL296331,6.27,IC50,nM,540.0,CHEMBL1808,IC50,nM,540.0
CCC(C)C(NC(=O)C(Cc1ccccc1)C(C)S)C(=O)NC(Cc1ccc(O)cc1)C(=O)O,CHEMBL172978,6.52,IC50,nM,300.0,CHEMBL1808,IC50,uM,0.3
CC(C)C[C@H](N[C@H]1CCc2ccccc2N(CC(=O)O)C1=O)C(=O)O,CHEMBL40806,7.35,IC50,nM,45.0,CHEMBL1808,IC50,nM,45.0
CC(C)CC(S)C(Cc1ccccc1)C(=O)NC(C)C(=O)O,CHEMBL55286,4.92,IC50,nM,12000.0,CHEMBL1808,IC50,uM,12.0
O=C(O)CN1C(=O)[C@@H](N[C@@H](Cc2c[nH]c3ccccc23)C(=O)O)CCc2ccccc21,CHEMBL44077,7.89,IC50,nM,13.0,CHEMBL1808,IC50,nM,13.0
CC(C)CC(S)[C@H](Cc1ccccc1)C(=O)N[C@@H](C)C(=O)O,CHEMBL173919,5.40,IC50,nM,4000.0,CHEMBL1808,IC50,uM,4.0
CCOC(=O)[C@H](CCCCNC(=O)OCc1ccccc1)N[C@H]1CCc2ccccc2N(CC(=O)O)C1=O,CHEMBL289618,7.82,IC50,nM,15.0,CHEMBL1808,IC50,nM,15.0
CSCC[C@H](N[C@H]1CCc2ccccc2N(CC(=O)O)C1=O)C(=O)O,CHEMBL416979,8.19,IC50,nM,6.5,CHEMBL1808,IC50,nM,6.5
O=C(O)CN1C(=O)[C@@H](N[C@@H](CCCCNC(=O)OCc2ccccc2)C(=O)O)CCc2ccccc21,CHEMBL432689,7.89,IC50,nM,13.0,CHEMBL1808,IC50,nM,13.0
O=C(O)CN1C(=O)[C@@H](N[C@@H](COCc2ccccc2)C(=O)O)CCc2ccccc21,CHEMBL42683,8.00,IC50,nM,10.0,CHEMBL1808,IC50,nM,10.0
CC(C)(C)OC(=O)NCCCC[C@H](N[C@H]1CCc2ccccc2N(CC(=O)O)C1=O)C(=O)O,CHEMBL40420,8.40,IC50,nM,4.0,CHEMBL1808,IC50,nM,4.0
CCOC(=O)[C@H](Cc1ccccc1)N[C@H]1CCc2ccccc2N(CC(=O)O)C1=O,CHEMBL290521,,IC50,nM,,CHEMBL1808,IC50,nM,
O=C(O)CN1C(=O)[C@@H](N[C@@H](CSCCc2ccccc2)C(=O)O)CCc2ccccc21,CHEMBL42976,8.15,IC50,nM,7.0,CHEMBL1808,IC50,nM,7.0
CCC[C@H](N[C@H]1CCc2ccccc2N(CC(=O)O)C1=O)C(=O)OCC,CHEMBL41045,,IC50,nM,,CHEMBL1808,IC50,nM,
CC(S)C(Cc1ccccc1)C(=O)NCC(=O)O,CHEMBL366937,4.96,IC50,nM,11000.0,CHEMBL1808,IC50,uM,11.0
NCCCC[C@H](N[C@H]1CCc2ccccc2N(CC(=O)O)C1=O)C(=O)O,CHEMBL430554,8.15,IC50,nM,7.0,CHEMBL1808,IC50,nM,7.0
CCCC[C@H](N[C@H]1CCc2ccccc2N(CC(=O)O)C1=O)C(=O)O,CHEMBL41985,8.30,IC50,nM,5.0,CHEMBL1808,IC50,nM,5.0
CCCC[C@H](N[C@H]1CCc2ccccc2N(CC(=O)O)C1=O)C(=O)OCC,CHEMBL40709,5.58,IC50,nM,2600.0,CHEMBL1808,IC50,nM,2600.0
CC(NC(=O)C(Cc1ccccc1)C(S)CCc1ccccc1)C(=O)O,CHEMBL54601,5.40,IC50,nM,4000.0,CHEMBL1808,IC50,uM,4.0
CC(C)CC(S)CC(=O)NC(Cc1ccccc1)C(=O)O,CHEMBL173287,5.00,IC50,nM,10000.0,CHEMBL1808,IC50,uM,10.0
CCOC(=O)[C@H](CCc1ccccc1)N[C@@H](C)C(=O)N1CCC[C@H]1C(=O)O,CHEMBL578,8.35,IC50,nM,4.5,CHEMBL1808,IC50,nM,4.5
CC(C)C[C@H](S)[C@H](Cc1ccccc1)C(=O)N[C@@H](C)C(=O)O,CHEMBL2110258,5.00,IC50,nM,10000.0,CHEMBL1808,IC50,uM,10.0
C[C@H](CS)C(=O)N1CCC[C@H]1C(=O)O,CHEMBL1560,7.82,IC50,nM,15.0,CHEMBL1808,IC50,nM,15.0
CC(C)C[C@H](S)[C@@H](Cc1ccccc1)C(=O)N[C@@H](C)C(=O)O,CHEMBL2110347,4.79,IC50,nM,16100.0,CHEMBL1808,IC50,uM,16.1
CC1(C)CCCC(NC(=O)[C@@H](S)Cc2ccccc2)C(=O)N1CC(=O)O,CHEMBL114658,7.92,IC50,nM,12.0,CHEMBL1808,IC50,nM,12.0
CCOC(=O)[C@H](CCc1ccccc1)N[C@@H](C)C(=O)N1[C@H](C(=O)O)C[C@H]2CCCC[C@@H]21,CHEMBL1519,9.03,IC50,nM,0.93,CHEMBL1808,IC50,nM,0.93
CCOC(=O)[C@H](CCc1ccccc1)N[C@@H](C)C(=O)N1Cc2cc(OC)c(OC)cc2C[C@H]1C(=O)O,CHEMBL1165,8.59,IC50,nM,2.6,CHEMBL1808,IC50,nM,2.6
CCOC(=O)[C@H](CCc1ccccc1)N[C@@H](C)C(=O)N1[C@H](C(=O)O)C[C@@H]2CCC[C@@H]21,CHEMBL1168,8.40,IC50,nM,4.0,CHEMBL1808,IC50,nM,4.0
CCCC[C@H](CN(O)C=O)C(=O)N[C@H](C(=O)N(C)C)C(C)(C)C,CHEMBL431210,,IC50,nM,100000.0,CHEMBL1808,IC50,nM,100000.0
O=C(O)C(CCc1ccccc1)N[C@@H](Cc1ccccc1)C(=O)NC[C@H](O)C(=O)O,CHEMBL113759,,IC50,nM,10000.0,CHEMBL1808,IC50,nM,10000.0
CCOC(=O)[C@H](CCc1ccccc1)N[C@H]1CCc2ccccc2N(CC(=O)O)C1=O,CHEMBL838,8.77,IC50,nM,1.7,CHEMBL1808,IC50,nM,1.7
CCOC(=O)[C@H](CCc1ccccc1)N[C@@H](C)C(=O)N1CCC[C@H]1C(=O)O,CHEMBL578,8.35,IC50,nM,4.5,CHEMBL1808,IC50,nM,4.5
O=C(O)CNC(=O)C(CS)Cc1ccccc1,CHEMBL10247,6.07,IC50,nM,860.0,CHEMBL1808,IC50,nM,860.0
O=C(O)CNC(=O)C(CS)Cc1ccccc1,CHEMBL10247,6.85,IC50,nM,140.0,CHEMBL1808,IC50,nM,140.0
CCOC(=O)[C@H](CCc1ccccc1)N[C@@H](C)C(=O)N1Cc2ccccc2C[C@H]1C(=O)O,CHEMBL1592,8.08,IC50,nM,8.3,CHEMBL1808,IC50,nM,8.3
CCCCC(CN(O)C=O)C(=O)N[C@H](C(=O)N(C)C)C(C)(C)C,CHEMBL84969,,IC50,nM,,CHEMBL1808,IC50,nM,
NCCCC[C@H](N[C@@H](CCc1ccccc1)C(=O)O)C(=O)N1CCC[C@H]1C(=O)O,CHEMBL1237,8.33,IC50,nM,4.7,CHEMBL1808,IC50,nM,4.7
CCC(=O)O[C@@H](O[P@](=O)(CCCCc1ccccc1)CC(=O)N1C[C@H](C2CCCCC2)C[C@H]1C(=O)O)C(C)C,CHEMBL3039598,9.00,IC50,nM,1.0,CHEMBL1808,IC50,nM,1.0
C[C@H](CSC(=O)c1ccccc1)C(=O)N1C[C@@H](Sc2ccccc2)C[C@H]1C(=O)O,CHEMBL331378,9.40,IC50,nM,0.4,CHEMBL1808,IC50,nM,0.4
CCCCc1nc(Cl)c(CO)n1Cc1ccc(-c2ccccc2-c2nnn[nH]2)cc1,CHEMBL191,7.72,IC50,nM,19.0,CHEMBL1808,IC50,nM,19.0
CCCCC[C@H](CC(=O)NO)C(=O)N[C@H](C(=O)N1CCC[C@H]1CO)C(C)C,CHEMBL308333,,IC50,nM,100000.0,CHEMBL1808,IC50,nM,100000.0
O=C(NC1CCC[C@H]2CCC[C@@H](C(=O)O)N2C1=O)[C@@H](S)Cc1ccccc1,CHEMBL325056,8.30,IC50,nM,5.0,CHEMBL1808,IC50,nM,5.0
C[C@H](CS)C(=O)N1CCC[C@H]1C(=O)O,CHEMBL1560,7.64,IC50,nM,23.0,CHEMBL1808,IC50,nM,23.0
CCOC(=O)[C@H](CCc1ccccc1)N[C@@H](C)C(=O)N1CCC[C@H]1C(=O)O,CHEMBL578,6.85,IC50,nM,140.0,CHEMBL1808,IC50,M,1.4E-7
CCOC(=O)C(CCc1ccccc1)S(=O)(=O)C(C)C(=O)N1CCC[C@H]1C(=O)O,CHEMBL1907753,,IC50,nM,,CHEMBL1808,IC50,M,
CCOC(=O)C(CCc1ccccc1)SC(C)C(=O)N1Cc2ccccc2C[C@H]1C(=O)O,CHEMBL1907754,6.34,IC50,nM,460.0,CHEMBL1808,IC50,M,4.6E-7
CCOC(=O)[C@H](CCc1ccccc1)N[C@@H](C)C(=O)N1C2CCCCC2C[C@H]1C(=O)O,CHEMBL2079671,7.00,IC50,nM,100.0,CHEMBL1808,IC50,M,1E-7
CCOC(=O)C(CCc1ccccc1)OC(C)C(=O)N1CCCC1C(=O)O,CHEMBL284494,6.66,IC50,nM,220.0,CHEMBL1808,IC50,M,2.2E-7
CCOC(=O)C(CCc1ccccc1)SC(C)C(=O)N1C2CCCCC2C[C@H]1C(=O)O,CHEMBL1907760,5.70,IC50,nM,2000.0,CHEMBL1808,IC50,M,0.000002
CCOC(=O)[C@H](CCc1ccccc1)N[C@@H](C)C(=O)N1Cc2ccccc2C[C@H]1C(=O)O,CHEMBL1592,8.08,IC50,nM,8.3,CHEMBL1808,IC50,M,8.3E-9
CC(SC(CCc1ccccc1)C(=O)O)C(=O)NC1(C(=O)O)CCCC1,CHEMBL285008,,IC50,nM,,CHEMBL1808,IC50,M,
CCOC(=O)C(CCc1ccccc1)SC(C)C(=O)N1CCCC1C(=O)O,CHEMBL25996,5.54,IC50,nM,2900.0,CHEMBL1808,IC50,M,0.0000029
CCOC(=O)C(CCc1ccccc1)SC(C)C(=O)N1CSC[C@@H]1C(=O)O,CHEMBL1907759,5.32,IC50,nM,4800.0,CHEMBL1808,IC50,M,0.0000048
CCOC(=O)C(CCc1ccccc1)OC(C)C(=O)N1Cc2ccccc2CC1C(=O)O,CHEMBL25782,7.85,IC50,nM,14.0,CHEMBL1808,IC50,M,1.4E-8
C[C@H](N[C@@H](CCc1ccccc1)C(=O)O)C(=O)N1C2CCCCC2C[C@H]1C(=O)O,CHEMBL2079670,6.58,IC50,nM,260.0,CHEMBL1808,IC50,M,2.6E-7
C[C@H](N[C@@H](CCc1ccccc1)C(=O)O)C(=O)N1Cc2ccccc2C[C@H]1C(=O)O,CHEMBL1733,6.55,IC50,nM,280.0,CHEMBL1808,IC50,M,2.8E-7
CCOC(=O)C(CCc1ccccc1)OC(C)C(=O)N1C(C(=O)O)CC2CCCCC21,CHEMBL284898,7.62,IC50,nM,24.0,CHEMBL1808,IC50,M,2.4E-8
CC(OC(CCc1ccccc1)C(=O)O)C(=O)N1Cc2ccccc2CC1C(=O)O,CHEMBL26226,7.07,IC50,nM,86.0,CHEMBL1808,IC50,M,8.6E-8
C[C@H](N[C@@H](CCc1ccccc1)C(=O)O)C(=O)N1CCC[C@H]1C(=O)O,CHEMBL577,5.51,IC50,nM,3100.0,CHEMBL1808,IC50,M,0.0000031
CC(SC(CCc1ccccc1)C(=O)O)C(=O)NC1(C(=O)O)CCC(c2ccccc2)CC1,CHEMBL26008,,IC50,nM,,CHEMBL1808,IC50,M,
CC(SC(CCc1ccccc1)C(=O)O)C(=O)N1C2CCCCC2C[C@H]1C(=O)O,CHEMBL1907755,6.85,IC50,nM,140.0,CHEMBL1808,IC50,M,1.4E-7
CC(SC(CCc1ccccc1)C(=O)O)C(=O)N1CCC[C@H]1C(=O)O,CHEMBL1907762,6.24,IC50,nM,580.0,CHEMBL1808,IC50,M,5.8E-7
CCOC(=O)C(CCc1ccccc1)[S+]([O-])C(C)C(=O)N1C2CCCCC2C[C@H]1C(=O)O,CHEMBL1907752,6.66,IC50,nM,220.0,CHEMBL1808,IC50,M,2.2E-7
C[C@H](CS)C(=O)N1CCC[C@H]1C(=O)O,CHEMBL1560,5.89,IC50,nM,1300.0,CHEMBL1808,IC50,M,0.0000013
CC(OC(CCc1ccccc1)C(=O)O)C(=O)N1CCCC1C(=O)O,CHEMBL285897,6.96,IC50,nM,110.0,CHEMBL1808,IC50,M,1.1E-7
CC(C(=O)N1CCC[C@H]1C(=O)O)S(=O)(=O)C(CCc1ccccc1)C(=O)O,CHEMBL1907751,,IC50,nM,,CHEMBL1808,IC50,M,
O=C1N[C@H](C(=O)O)Cc2ccccc2CCCCCC[C@@H]1CS,CHEMBL147755,6.14,IC50,nM,725.0,CHEMBL1808,IC50,nM,725.0
O=C1N[C@H](C(=O)O)CCCCc2ccccc2C[C@@H]1CS,CHEMBL150222,,IC50,nM,10000.0,CHEMBL1808,IC50,nM,10000.0
O=C1N[C@H](C(=O)O)CCCCCCc2ccccc2C[C@H]1CS,CHEMBL146573,,IC50,nM,10000.0,CHEMBL1808,IC50,nM,10000.0
O=C1N[C@@H](C(=O)O)Cc2ccccc2CCCCCCC[C@@H]1CS,CHEMBL423574,,IC50,nM,10000.0,CHEMBL1808,IC50,nM,10000.0
O=C1N[C@H](C(=O)O)CCCCc2ccccc2C[C@H]1CS,CHEMBL346424,,IC50,nM,10000.0,CHEMBL1808,IC50,nM,10000.0
O=C1N[C@H](C(=O)O)CCCCCCc2ccccc2C[C@@H]1CS,CHEMBL149841,,IC50,nM,10000.0,CHEMBL1808,IC50,nM,10000.0
O=C1N[C@H](C(=O)O)CCCCCc2cccc(c2)C[C@H]1CS,CHEMBL148840,5.85,IC50,nM,1400.0,CHEMBL1808,IC50,nM,1400.0
O=C1N[C@H](C(=O)O)CCCCCc2ccccc2C[C@H]1CS,CHEMBL357311,5.70,IC50,nM,2000.0,CHEMBL1808,IC50,nM,2000.0
O=C1N[C@H](C(=O)O)Cc2ccccc2CCCCCCC[C@@H]1CS,CHEMBL433702,,IC50,nM,,CHEMBL1808,IC50,nM,
O=C1N[C@H](C(=O)O)CCCCCCc2cccc(c2)C[C@H]1CS,CHEMBL147526,6.93,IC50,nM,118.0,CHEMBL1808,IC50,nM,118.0
O=C1N[C@H](C(=O)O)CCCCCc2cccc(c2)C[C@@H]1CS,CHEMBL147185,8.40,IC50,nM,4.0,CHEMBL1808,IC50,nM,4.0
O=C1N[C@@H](C(=O)O)Cc2ccccc2CCCCCC[C@@H]1CS,CHEMBL149367,6.33,IC50,nM,470.0,CHEMBL1808,IC50,nM,470.0
O=C1N[C@H](C(=O)O)CCCCCCc2cccc(c2)C[C@@H]1CS,CHEMBL357584,6.76,IC50,nM,175.0,CHEMBL1808,IC50,nM,175.0
O=C1N[C@H](C(=O)O)CCCCCc2ccccc2C[C@@H]1CS,CHEMBL342091,5.10,IC50,nM,8000.0,CHEMBL1808,IC50,nM,8000.0
C[C@H](CS)C(=O)N1Cc2[nH]c3ccccc3c2CC1C(=O)O,CHEMBL148616,6.30,IC50,nM,500.0,CHEMBL1808,IC50,nM,500.0
O=C1N[C@@H](C(=O)O)Cc2ccccc2CCCCC[C@@H]1CS,CHEMBL148140,5.22,IC50,nM,6000.0,CHEMBL1808,IC50,nM,6000.0
O=C(O)CN1CCCC[C@H](NC(=O)[C@@H](S)Cc2ccccc2)C1=O,CHEMBL299169,7.66,IC50,nM,22.0,CHEMBL1808,I50,nM,22.0
O=C(O)CN1C(=O)[C@@H](NC(=O)[C@H](S)Cc2ccccc2)CCc2ccccc21,CHEMBL422944,6.55,IC50,nM,284.0,CHEMBL1808,I50,nM,284.0
C[C@H](S)C(=O)N[C@H]1CCc2ccccc2N(CC(=O)O)C1=O,CHEMBL50480,7.62,IC50,nM,24.0,CHEMBL1808,I50,nM,24.0
C[C@H](NC(=O)[C@@H](S)Cc1ccccc1)C(=O)N(CC(=O)O)c1ccccc1,CHEMBL300016,7.85,IC50,nM,14.0,CHEMBL1808,I50,nM,14.0
O=C(O)CN1C(=O)[C@@H](NC(=O)[C@@H](S)Cc2ccccc2)CCc2ccccc21,CHEMBL299639,7.92,IC50,nM,12.0,CHEMBL1808,I50,nM,12.0
O=C(O)CN1C(=O)[C@H](NC(=O)[C@@H](S)Cc2ccccc2)CCc2ccccc21,CHEMBL50315,6.51,IC50,nM,306.0,CHEMBL1808,I50,nM,306.0
CC(S)(Cc1ccccc1)C(=O)N[C@H]1CCc2ccccc2N(CC(=O)O)C1=O,CHEMBL48534,7.20,IC50,nM,63.0,CHEMBL1808,I50,nM,63.0
CCCC[C@H](S)C(=O)N[C@H]1CCc2ccccc2N(CC(=O)O)C1=O,CHEMBL299875,8.27,IC50,nM,5.4,CHEMBL1808,I50,nM,5.4
O=C(O)CN1Cc2ccccc2C[C@H](NC(=O)[C@@H](S)Cc2ccccc2)C1=O,CHEMBL51576,7.48,IC50,nM,33.0,CHEMBL1808,I50,nM,33.0
O=C(O)CN1C(=O)C(NC(=O)[C@@H](S)Cc2ccccc2)CCCc2ccccc21,CHEMBL50814,7.60,IC50,nM,25.0,CHEMBL1808,I50,nM,25.0
O=C(O)CN1C(=O)[C@@H](NC(=O)[C@@H](S)CC2CCCCC2)CCc2ccccc21,CHEMBL299438,7.66,IC50,nM,22.0,CHEMBL1808,I50,nM,22.0
CC(C)C[C@H](S)C(=O)N[C@H]1CCc2ccccc2N(CC(=O)O)C1=O,CHEMBL415932,8.20,IC50,nM,6.3,CHEMBL1808,I50,nM,6.3
CC(S)(Cc1ccccc1)C(=O)N[C@H]1CCc2ccccc2N(CC(=O)O)C1=O,CHEMBL48534,6.74,IC50,nM,183.0,CHEMBL1808,I50,nM,183.0
CCCCN1C[C@@H](C(=O)O)N(C(=O)[C@H](C)N[C@@H](CCc2ccccc2)C(=O)O)C1=O,CHEMBL317304,8.17,IC50,nM,6.7,CHEMBL1808,IC50,M,6.7E-9
O=C(N[C@@H](Cc1ccccc1)C(=O)CCC(=O)N1CCC[C@H]1C(=O)O)c1ccccc1,CHEMBL435360,7.16,IC50,nM,70.0,CHEMBL1808,I 50,uM,0.07
CC(C)C[C@H](N)C(=O)N[C@@H](C)C(=O)N1CCC[C@@H]1C(=O)O,CHEMBL340119,5.64,IC50,nM,2300.0,CHEMBL1808,IC50,nM,2300.0
CCCCCCCC[C@H](N[C@@H](CC)C(=O)N1C(=O)N(C)C[C@H]1C(=O)O)C(=O)O,CHEMBL100063,8.62,IC50,nM,2.4,CHEMBL1808,IC50,M,2.4E-9
Cc1ccc(S(=O)(=O)N[C@@H](Cc2ccccc2)C(=O)NCC(=O)N2CCC[C@H]2C(=O)O)cc1,CHEMBL29031,4.17,IC50,nM,67000.0,CHEMBL1808,I 50,uM,67.0
CC(NC(=O)C(Cc1ccccc1)CC(S)c1ccccc1)C(=O)O,CHEMBL54942,5.46,IC50,nM,3500.0,CHEMBL1808,IC50,uM,3.5
C[C@H](N)C(=O)N1CCC[C@H]1C(=O)O,CHEMBL414828,,IC50,nM,110000.0,CHEMBL1808,IC50,M,0.00011
CCC(C)C(CC(S)CCc1ccccc1)C(=O)NC(Cc1ccc(O)cc1)C(=O)O,CHEMBL54823,5.54,IC50,nM,2900.0,CHEMBL1808,IC50,uM,2.9
CCCCCCCC[C@H](N[C@@H](C)C(=O)N1C(=O)N(Cc2ccccc2)C[C@H]1C(=O)O)C(=O)O,CHEMBL101469,8.82,IC50,nM,1.5,CHEMBL1808,IC50,M,1.5E-9
C[C@H](CS)C(=O)N1CCC[C@H]1C(=O)O,CHEMBL1560,6.52,IC50,nM,300.0,CHEMBL1808,I 50,uM,0.3
O=C(NC(Cc1ccc(O)cc1)C(=O)O)C(Cc1ccccc1)CC(S)Cc1ccccc1,CHEMBL301703,5.62,IC50,nM,2400.0,CHEMBL1808,IC50,uM,2.4
C[C@@H](N[C@@H](CCc1ccccc1)C(=O)O)C(=O)N1C(=O)N(Cc2ccccc2)C[C@H]1C(=O)O,CHEMBL100586,5.62,IC50,nM,2400.0,CHEMBL1808,IC50,M,0.0000024
C[C@H](NC(=O)[C@@H](N)CCCN=C(N)N)C(=O)N1CCC[C@@H]1C(=O)O,CHEMBL129432,4.80,IC50,nM,16000.0,CHEMBL1808,IC50,nM,16000.0
C[C@H](N[C@@H](Cc1ccccc1)C(=O)O)C(=O)N1C(=O)N(Cc2ccccc2)C[C@H]1C(=O)O,CHEMBL101409,7.96,IC50,nM,11.0,CHEMBL1808,IC50,M,1.1E-8
CC(C)CC[C@H](N[C@@H](C)C(=O)N1C(=O)N(Cc2ccccc2)C[C@H]1C(=O)O)C(=O)O,CHEMBL430689,8.48,IC50,nM,3.3,CHEMBL1808,IC50,M,3.3E-9
O=C(O)CCNC(=O)C(Cc1ccccc1)CC(S)Cc1ccccc1,CHEMBL54477,5.46,IC50,nM,3500.0,CHEMBL1808,IC50,uM,3.5
N[C@@H](Cc1ccccc1)C(=O)NCC(=O)N1CCC[C@H]1C(=O)O,CHEMBL27560,4.70,IC50,nM,20000.0,CHEMBL1808,I 50,uM,20.0
N[C@@H](Cc1ccccc1)C(=O)N1CCC[C@H]1C(=O)N1CCC[C@@H]1C(=O)O,CHEMBL338446,4.11,IC50,nM,78000.0,CHEMBL1808,IC50,nM,78000.0
C[C@H](NC(=O)[C@@H](N)Cc1ccccc1)C(=O)N1CCC[C@@H]1C(=O)O,CHEMBL128399,5.38,IC50,nM,4200.0,CHEMBL1808,IC50,nM,4200.0
CCCCCCCC[C@H](N[C@@H](C)C(=O)N1C(=O)N(C)C[C@H]1C(=O)O)C(=O)O,CHEMBL101360,8.80,IC50,nM,1.6,CHEMBL1808,IC50,M,1.6E-9
CCC(C)C(S)CC(C(=O)NC(Cc1ccc(O)cc1)C(N)=O)C(C)CC,CHEMBL53621,5.40,IC50,nM,4000.0,CHEMBL1808,IC50,uM,4.0
CCC(C)C(S)CC(Cc1ccccc1)C(=O)N[C@H](Cc1ccc(O)cc1)C(=O)O,CHEMBL55520,5.10,IC50,nM,8000.0,CHEMBL1808,IC50,uM,8.0
CC(NC(=O)C(Cc1ccccc1)CC(S)Cc1ccccc1)C(=O)O,CHEMBL293794,5.42,IC50,nM,3800.0,CHEMBL1808,IC50,uM,3.8
CCC(C)C(S)CC(Cc1ccccc1)C(=O)NC(Cc1ccc(O)cc1)C(N)=O,CHEMBL54796,5.46,IC50,nM,3500.0,CHEMBL1808,IC50,uM,3.5
CCC(C)C(CC(S)Cc1ccccc1)C(=O)NC(Cc1ccc(O)cc1)C(=O)O,CHEMBL55583,6.10,IC50,nM,800.0,CHEMBL1808,IC50,uM,0.8
CCC(C)C(S)CC(C(=O)NC(Cc1ccc(O)cc1)C(=O)O)C(C)CC,CHEMBL53678,5.47,IC50,nM,3400.0,CHEMBL1808,IC50,uM,3.4
CC[C@H](C)[C@H](N)C(=O)N[C@@H](Cc1ccc(O)cc1)C(=O)O,CHEMBL91090,5.43,IC50,nM,3700.0,CHEMBL1808,IC50,nM,3700.0
CCOC(=O)[C@H](CCc1ccccc1)N[C@@H](C)C(=O)N1C(=O)N(Cc2ccccc2)C[C@H]1C(=O)O,CHEMBL328847,5.10,IC50,nM,7900.0,CHEMBL1808,IC50,M,0.0000079
CCCCCCCC[C@H](N[C@@H](CC)C(=O)N1C(=O)N(Cc2ccccc2)C[C@H]1C(=O)O)C(=O)O,CHEMBL328378,8.68,IC50,nM,2.1,CHEMBL1808,IC50,M,2.1E-9
C[C@H](NC(=O)[C@@H](N)Cc1ccccc1)C(=O)N1CCC[C@H]1C(=O)O,CHEMBL28361,5.85,IC50,nM,1400.0,CHEMBL1808,I 50,uM,1.4
C[C@H](N)C(=O)N1C(=O)N(C)C[C@H]1C(=O)O,CHEMBL102044,5.00,IC50,nM,10000.0,CHEMBL1808,IC50,M,0.00001
CCCCCCCC[C@H](N[C@H](C)C(=O)N1C(=O)N(C)C[C@H]1C(=O)O)C(=O)O,CHEMBL100966,5.62,IC50,nM,2400.0,CHEMBL1808,IC50,M,0.0000024
CCOC(=O)[C@H](CCc1ccccc1)N[C@@H](C)C(=O)N1C(=O)N(C)C[C@H]1C(=O)O,CHEMBL317094,5.00,IC50,nM,9900.0,CHEMBL1808,IC50,M,0.0000099
CCCC[C@H](N)C(=O)N[C@@H](C)C(=O)N1CCC[C@@H]1C(=O)O,CHEMBL340152,6.16,IC50,nM,700.0,CHEMBL1808,IC50,nM,700.0
O=C(N[C@@H](Cc1ccccc1)C(=O)NCC(=O)N1CCC[C@H]1C(=O)O)c1ccccc1,CHEMBL32032,5.03,IC50,nM,9400.0,CHEMBL1808,I 50,uM,9.4
CCC(C)C1CC(Cc2ccccc2)SC1=O,CHEMBL55103,5.64,IC50,nM,2300.0,CHEMBL1808,IC50,uM,2.3
CCCCCCCC[C@H](N[C@@H](C)C(=O)N1C(=O)N(C)C[C@H]1C(=O)O)C(=O)OCC,CHEMBL316865,5.29,IC50,nM,5100.0,CHEMBL1808,IC50,M,0.0000051
C[C@H](NC(=O)[C@H](Cc1c[nH]c2ccccc12)NC(=O)[C@H](CCCCN)NC(=O)[C@@H]1CCC(=O)N1)C(=O)N1CCC[C@H]1C(=O)O,CHEMBL264538,6.14,IC50,nM,730.0,CHEMBL1808,I 50,uM,0.73
CC(NC(=O)C(Cc1ccccc1)C(S)CCc1ccccc1)C(=O)O,CHEMBL54601,5.40,IC50,nM,4000.0,CHEMBL1808,IC50,uM,4.0
CCCCCCCC[C@H](N[C@@H](C)C(=O)N1C(=O)N(Cc2ccccc2)C[C@H]1C(=O)O)C(=O)OCC,CHEMBL328811,5.66,IC50,nM,2200.0,CHEMBL1808,IC50,M,0.0000022
CCC(C)C(CC(S)Cc1ccccc1)C(=O)N1CCCC1C(=O)O,CHEMBL55613,5.55,IC50,nM,2800.0,CHEMBL1808,IC50,uM,2.8
CCC(C)C(CC(S)Cc1ccccc1)C(=O)O,CHEMBL53141,5.40,IC50,nM,4000.0,CHEMBL1808,IC50,uM,4.0
CC(C)C[C@H](N[C@@H](C)C(=O)N1C(=O)N(Cc2ccccc2)C[C@H]1C(=O)O)C(=O)O,CHEMBL99798,8.68,IC50,nM,2.1,CHEMBL1808,IC50,M,2.1E-9
C[C@H](N)C(=O)N1C(=O)N(Cc2ccccc2)C[C@H]1C(=O)O,CHEMBL421581,5.82,IC50,nM,1500.0,CHEMBL1808,IC50,M,0.0000015
CC(C)[C@H](N)C(=O)N[C@@H](Cc1c[nH]c2ccccc12)C(=O)O,CHEMBL91777,5.77,IC50,nM,1700.0,CHEMBL1808,IC50,nM,1700.0
O=C(O)C1CCCN1C(=O)C(Cc1ccccc1)CC(S)Cc1ccccc1,CHEMBL54457,5.44,IC50,nM,3600.0,CHEMBL1808,IC50,uM,3.6
CC(C)[C@H](N)C(=O)N[C@@H](Cc1c[nH]c2ccccc12)C(=O)O,CHEMBL91777,5.80,IC50,nM,1600.0,CHEMBL1808,IC50,M,0.0000016
CC[C@H](C)[C@H](NC(=O)[C@H](CCC(N)=O)NC(=O)[C@@H]1CCCN1C(=O)[C@H](CCCNC(=N)N)NC(=O)[C@@H]1CCCN1C(=O)[C@H](Cc1c[nH]c2ccccc12)NC(=O)[C@@H]1CCC(=O)N1)C(=O)N1CCC[C@H]1C(=O)N1CCC[C@H]1C(=O)O,CHEMBL408983,6.66,IC50,nM,220.0,CHEMBL1808,I 50,uM,0.22
C[C@H](N[C@@H](CCc1ccccc1)C(=O)O)C(=O)N1C(=O)N(Cc2ccccc2)C[C@H]1C(=O)O,CHEMBL100413,8.77,IC50,nM,1.7,CHEMBL1808,IC50,M,1.7E-9
C[C@H](N[C@@H](CCc1ccccc1)C(=O)O)C(=O)N1CCC[C@H]1C(=O)O,CHEMBL577,8.54,IC50,nM,2.9,CHEMBL1808,IC50,M,2.9E-9
C[C@H](N[C@@H](CCc1ccccc1)C(=O)O)C(=O)N1C(=O)N(C)C[C@H]1C(=O)O,CHEMBL99701,8.77,IC50,nM,1.7,CHEMBL1808,IC50,M,1.7E-9
CC[C@H](N[C@@H](CCc1ccccc1)C(=O)O)C(=O)N1C(=O)N(Cc2ccccc2)C[C@H]1C(=O)O,CHEMBL100826,8.64,IC50,nM,2.3,CHEMBL1808,IC50,M,2.3E-9
CCC(C)C(S)CC(Cc1ccccc1)C(=O)N[C@@H](Cc1ccc(O)cc1)C(=O)O,CHEMBL55721,5.36,IC50,nM,4400.0,CHEMBL1808,IC50,uM,4.4
C[C@H](N[C@@H](CCc1ccccc1)C(=O)O)C(=O)N1C(=O)NC[C@H]1C(=O)O,CHEMBL431052,8.46,IC50,nM,3.5,CHEMBL1808,IC50,M,3.5E-9
CC(C)C[C@H](NCP(=O)(O)O)C(=O)N[C@@H](Cc1ccc(-c2ccccc2)cc1)C(=O)O,CHEMBL92676,,IC50,nM,1000.0,CHEMBL1808,IC50,nM,1000.0
C[C@H](N[C@@H](Cc1ccccc1)C(=O)N[C@@H](Cc1ccc(-c2ccccc2)cc1)C(=O)O)P(=O)(O)O,CHEMBL92126,7.36,IC50,nM,44.0,CHEMBL1808,IC50,nM,44.0
O=C(O)[C@H](Cc1ccc(-c2ccccc2)cc1)NC(=O)[C@H](Cc1ccc(Cl)cc1)NCP(=O)(O)O,CHEMBL329464,6.33,IC50,nM,473.0,CHEMBL1808,IC50,nM,473.0
CC[C@@H](C)[C@H](NCP(=O)(O)O)C(=O)N[C@@H](Cc1ccc(-c2ccccc2)cc1)C(=O)O,CHEMBL90545,7.30,IC50,nM,50.0,CHEMBL1808,IC50,nM,50.0
O=C(O)[C@H](Cc1ccc(-c2ccccc2)cc1)NC(=O)[C@H](Cc1ccc2ccccc2c1)NCP(=O)(O)O,CHEMBL92326,7.28,IC50,nM,53.0,CHEMBL1808,IC50,nM,53.0
Cc1ccccc1C[C@H](NCP(=O)(O)O)C(=O)N[C@@H](Cc1ccc(-c2ccccc2)cc1)C(=O)O,CHEMBL91399,6.30,IC50,nM,498.0,CHEMBL1808,IC50,nM,498.0
CC(C)Oc1ccc(C[C@H](NC(=O)[C@@H](NCP(=O)(O)O)C(C)C)C(=O)O)cc1,CHEMBL328030,7.04,IC50,nM,92.0,CHEMBL1808,IC50,nM,92.0
COc1ccccc1C[C@H](NCP(=O)(O)O)C(=O)N[C@@H](Cc1ccc(-c2ccccc2)cc1)C(=O)O,CHEMBL93785,6.80,IC50,nM,160.0,CHEMBL1808,IC50,nM,160.0
CC(C)[C@H](NCP(=O)(O)O)C(=O)N[C@@H](CCc1ccccc1)C(=O)O,CHEMBL93562,7.00,IC50,nM,100.0,CHEMBL1808,IC50,nM,100.0
CC(C)[C@H](NCP(=O)(O)O)C(=O)N[C@@H](Cc1c[nH]c2ccccc12)C(=O)O,CHEMBL92949,6.62,IC50,nM,240.0,CHEMBL1808,IC50,nM,240.0
CC[C@H](C)C(N[C@@H](C)C(=O)O)C(=O)N[C@@H](Cc1ccc(-c2ccccc2)cc1)C(=O)O,CHEMBL94173,7.66,IC50,nM,22.0,CHEMBL1808,IC50,nM,22.0
C[C@H](CS)C(=O)N1CCC[C@H]1C(=O)O,CHEMBL1560,8.00,IC50,nM,10.0,CHEMBL1808,IC50,nM,10.0
O=C(O)[C@H](Cc1ccc(-c2ccccc2)cc1)NC(=O)[C@H](Cc1ccc(-c2ccccc2)cc1)NCP(=O)(O)O,CHEMBL418959,6.38,IC50,nM,414.0,CHEMBL1808,IC50,nM,414.0
C[C@H](OCc1ccccc1)[C@H](NCP(=O)(O)O)C(=O)N[C@@H](Cc1ccc(-c2ccccc2)cc1)C(=O)O,CHEMBL366503,6.18,IC50,nM,656.0,CHEMBL1808,IC50,nM,656.0
O=C(O)[C@H](Cc1ccc(-c2ccccc2)cc1)NC(=O)C1(NCP(=O)(O)O)CCCC1,CHEMBL329666,,IC50,nM,1000.0,CHEMBL1808,IC50,nM,1000.0
O=C(O)[C@H](Cc1ccc(-c2ccccc2)cc1)NC(=O)[C@H](Cc1ccc(O)cc1)NCP(=O)(O)O,CHEMBL420253,,IC50,nM,1000.0,CHEMBL1808,IC50,nM,1000.0
O=C(O)[C@H](Cc1ccc(-c2ccccc2)cc1)NC(=O)[C@H](Cc1ccc2c(c1)OCO2)NCP(=O)(O)O,CHEMBL328463,6.83,IC50,nM,147.0,CHEMBL1808,IC50,nM,147.0
O=C(O)[C@H](Cc1ccc(-c2ccccc2)cc1)NC(=O)[C@@H](NCP(=O)(O)O)C1CCCCC1,CHEMBL92638,,IC50,nM,1000.0,CHEMBL1808,IC50,nM,1000.0
CC(C)[C@H](NCP(=O)(O)O)C(=O)N[C@@H](Cc1ccc(C2CCCCC2)cc1)C(=O)O,CHEMBL93167,6.91,IC50,nM,122.0,CHEMBL1808,IC50,nM,122.0
CC(C)[C@H](NCP(=O)(O)O)C(=O)N[C@@H](Cc1ccc(-c2ccccc2)cc1)C(=O)N[C@@H](Cc1ccc(O)cc1)C(=O)O,CHEMBL329894,,IC50,nM,1000.0,CHEMBL1808,IC50,nM,1000.0
CC(C)(C)[C@H](NCP(=O)(O)O)C(=O)N[C@@H](Cc1ccc(-c2ccccc2)cc1)C(=O)O,CHEMBL93206,,IC50,nM,1000.0,CHEMBL1808,IC50,nM,1000.0
CC(C)[C@H](NCP(=O)(O)O)C(=O)N[C@@H](Cc1ccc(-c2ccccc2)cc1)C(=O)N1C[C@H](O)C[C@H]1C(=O)O,CHEMBL329372,,IC50,nM,1000.0,CHEMBL1808,IC50,nM,1000.0
C[C@H](O)[C@H](NCP(=O)(O)O)C(=O)N[C@@H](Cc1ccc(-c2ccccc2)cc1)C(=O)O,CHEMBL327799,6.18,IC50,nM,665.0,CHEMBL1808,IC50,nM,665.0
O=C(O)[C@H](Cc1ccc(-c2ccccc2)cc1)NC(=O)[C@H](Cc1ccccc1)NCP(=O)(O)O,CHEMBL93180,6.93,IC50,nM,117.0,CHEMBL1808,IC50,nM,117.0
O=C(O)[C@H](Cc1ccc(-c2ccccc2)cc1)NC(=O)[C@H](Cc1c[nH]cn1)NCP(=O)(O)O,CHEMBL315669,,IC50,nM,1000.0,CHEMBL1808,IC50,nM,1000.0
C[C@H](NCP(=O)(O)O)C(=O)N[C@@H](Cc1ccc(-c2ccccc2)cc1)C(=O)O,CHEMBL91218,6.18,IC50,nM,660.0,CHEMBL1808,IC50,nM,660.0
CC(C)[C@H](N[C@@H](C)C(=O)O)C(=O)N[C@@H](Cc1ccc(-c2ccccc2)cc1)C(=O)O,CHEMBL92632,7.64,IC50,nM,23.0,CHEMBL1808,IC50,nM,23.0
O=C(O)[C@H](Cc1ccc(-c2ccccc2)cc1)NC(=O)[C@H](Cc1ccccc1O)NCP(=O)(O)O,CHEMBL329136,,IC50,nM,1000.0,CHEMBL1808,IC50,nM,1000.0
C[C@H](c1ccccc1)[C@H](NCP(=O)(O)O)C(=O)N[C@@H](Cc1ccc(-c2ccccc2)cc1)C(=O)O,CHEMBL329530,6.86,IC50,nM,138.0,CHEMBL1808,IC50,nM,138.0
O=C(O)[C@H](Cc1ccc(-c2ccccc2)cc1)NC(=O)[C@H](Cc1cccs1)NCP(=O)(O)O,CHEMBL330507,6.42,IC50,nM,385.0,CHEMBL1808,IC50,nM,385.0
CCCC[C@H](NCP(=O)(O)O)C(=O)N[C@@H](Cc1ccc(-c2ccccc2)cc1)C(=O)O,CHEMBL313419,6.14,IC50,nM,731.0,CHEMBL1808,IC50,nM,731.0
CC(C)[C@H](NCP(=O)(O)O)C(=O)N[C@@H](Cc1ccc(-c2ccccc2)cc1)C(=O)O,CHEMBL89563,7.60,IC50,nM,25.0,CHEMBL1808,IC50,nM,25.0
CC[C@H](C)C(NCC(=O)O)C(=O)N[C@@H](Cc1ccc(-c2ccccc2)cc1)C(=O)O,CHEMBL328737,7.19,IC50,nM,65.0,CHEMBL1808,IC50,nM,65.0
CC(N[C@H](C)C(=O)N1CCC[C@H]1C(=O)O)C(=O)O,CHEMBL152758,7.05,IC50,nM,90.0,CHEMBL1808,IC50,M,9E-8
O=C(O)CCCC(=O)N1CCC[C@H]1C(=O)O,CHEMBL277919,4.16,IC50,nM,70000.0,CHEMBL1808,IC50,uM,70.0
C[C@@H](NCC(=O)O)C(=O)N1CCC[C@H]1C(=O)O,CHEMBL358439,5.62,IC50,nM,2400.0,CHEMBL1808,IC50,uM,2.4
C[C@H](CCC(=O)O)C(=O)N1CCC[C@H]1C(=O)O,CHEMBL78780,5.31,IC50,nM,4900.0,CHEMBL1808,IC50,uM,4.9
C[C@H](N[C@@H](CCc1ccccc1)C(=O)O)C(=O)N1CCC[C@H]1C(=O)O,CHEMBL577,8.92,IC50,nM,1.2,CHEMBL1808,IC50,M,1.2E-9
C[C@H](CS)C(=O)N1CCCC1C(=O)O,CHEMBL162360,7.64,IC50,nM,23.0,CHEMBL1808,IC50,M,2.3E-8
CCOC(=O)[C@H](CCc1ccccc1)N[C@@H](C)C(=O)N1CCC[C@H]1C(=O)O,CHEMBL578,5.92,IC50,nM,1200.0,CHEMBL1808,IC50,M,0.0000012
C[C@H](NC(=O)[C@H](Cc1c[nH]c2ccccc12)NC(=O)[C@H](CCCCN)NC(=O)[C@@H](N)CCC(=O)O)C(=O)N1CCC[C@H]1C(=O)O,CHEMBL327401,7.22,IC50,nM,60.0,CHEMBL1808,IC50,M,6E-8
CC(CCC(=O)N1CCC[C@H]1C(=O)O)C(=O)O,CHEMBL152188,,IC50,nM,260000.0,CHEMBL1808,IC50,uM,260.0
NCCCC[C@H](N[C@@H](CCc1ccccc1)C(=O)O)C(=O)N1CCC[C@H]1C(=O)O,CHEMBL1237,8.92,IC50,nM,1.2,CHEMBL1808,IC50,M,1.2E-9
O=C(O)C(CCc1ccccc1)N[C@H]1CCC[C@H]2SC[C@@H](C(=O)O)N2C1=O,CHEMBL347755,9.22,IC50,nM,0.6,CHEMBL1808,IC50,M,6E-10
CC1CCCC(C(=O)O)N1C(=O)CCS,CHEMBL331575,9.00,IC50,nM,1.0,CHEMBL1808,IC50,M,1E-9
CC1CCCC(C(=O)O)N1C(=O)CCS,CHEMBL331575,7.70,IC50,nM,20.0,CHEMBL1808,IC50,M,2E-8
CC(=O)SCC(C)C(=O)Nc1ccccc1,CHEMBL322069,6.52,IC50,nM,300.0,CHEMBL1808,IC50,M,3E-7
CC(=O)SCC(C)C(=O)Nc1ccccc1,CHEMBL322069,5.70,IC50,nM,2000.0,CHEMBL1808,IC50,M,0.000002
O=C(O)CCCNCP(=O)(O)CCc1ccccc1,CHEMBL114552,4.00,IC50,nM,100000.0,CHEMBL1808,IC50,M,0.0001
NCCCC[C@H](N[C@@H](CCc1ccccc1)C(=O)O)C(=O)N1CCC[C@H]1C(=O)O,CHEMBL1237,10.00,IC50,nM,0.1,CHEMBL1808,IC50,M,1E-10
CC(=O)SCC(C)C(=O)NCc1ccccc1,CHEMBL326801,,IC50,nM,500000.0,CHEMBL1808,IC50,M,0.0005
CC(=O)SCC(C)C(=O)NCc1ccccc1,CHEMBL326801,,IC50,nM,200000.0,CHEMBL1808,IC50,M,0.0002
C[C@H](CS)C(=O)N1CCC[C@H]1C(=O)O,CHEMBL1560,7.52,IC50,nM,30.0,CHEMBL1808,IC50,nM,30.0
Cc1ccccc1C(=O)NC(Cc1ccccc1)C(=O)CCC(=O)N1CCC[C@H]1C(=O)O,CHEMBL173376,7.34,IC50,nM,46.0,CHEMBL1808,IC50,M,4.6E-8
CC(=O)NC(Cc1ccccc1)C(=O)CCC(=O)N1CCC[C@H]1C(=O)O,CHEMBL172917,6.48,IC50,nM,330.0,CHEMBL1808,IC50,M,3.3E-7
Cc1ccccc1C(=O)NC(Cc1ccccc1)C(=O)CCC(=O)N1CCC[C@H]1C(=O)OCc1ccccc1,CHEMBL176729,5.80,IC50,nM,1600.0,CHEMBL1808,IC50,M,0.0000016
O=C(NC(Cc1cccnc1)C(=O)CCC(=O)N1CCC[C@H]1C(=O)OCc1ccccc1)c1ccccc1,CHEMBL172015,7.82,IC50,nM,15.0,CHEMBL1808,IC50,M,1.5E-8
O=C(NC(Cc1ccc(O)cc1)C(=O)CCC(=O)N1CCC[C@H]1C(=O)O)c1ccccc1,CHEMBL173822,8.33,IC50,nM,4.7,CHEMBL1808,IC50,M,4.7E-9
O=C(NC(Cc1cccnc1)C(=O)CCC(=O)N1CCC[C@H]1C(=O)O)c1ccccc1,CHEMBL176688,8.24,IC50,nM,5.7,CHEMBL1808,IC50,M,5.7E-9
Cl.NC(Cc1ccccc1)C(=O)CCC(=O)N1CCC[C@H]1C(=O)O,CHEMBL556775,4.60,IC50,nM,25000.0,CHEMBL1808,IC50,M,0.000025
COc1ccc(CC(NC(=O)c2ccccc2)C(=O)CCC(=O)N2CCC[C@H]2C(=O)O)cc1OC,CHEMBL173849,8.85,IC50,nM,1.4,CHEMBL1808,IC50,M,1.4E-9
O=C(NC(Cc1ccccc1)C(=O)CCC(=O)N1CCC[C@H]1C(=O)O)OCc1ccccc1,CHEMBL176970,6.62,IC50,nM,240.0,CHEMBL1808,IC50,M,2.4E-7
O=C(CCC(=O)C(Cc1ccccc1)NC(=O)c1ccccc1)N[C@H](Cc1ccccc1)C(=O)O,CHEMBL366455,7.55,IC50,nM,28.0,CHEMBL1808,IC50,M,2.8E-8
O=C(NC(Cc1ccccc1)C(=O)CCC(=O)N1CC(O)C[C@H]1C(=O)O)c1ccccc1,CHEMBL172600,6.27,IC50,nM,540.0,CHEMBL1808,IC50,M,5.4E-7
O=C(NC(Cc1ccccc1)C(=O)CCCC(=O)N1CCC[C@H]1C(=O)O)c1ccccc1,CHEMBL172783,7.38,IC50,nM,42.0,CHEMBL1808,IC50,M,4.2E-8
O=C(NC(Cc1ccc(OCc2ccccc2)cc1)C(=O)CCC(=O)N1CCC[C@H]1C(=O)O)c1ccccc1,CHEMBL172801,8.00,IC50,nM,10.0,CHEMBL1808,IC50,M,1E-8
O=C(CCC(=O)C(Cc1ccccc1)NC(=O)c1ccccc1)NC(Cc1ccccc1)C(=O)OCc1ccccc1,CHEMBL369590,6.75,IC50,nM,180.0,CHEMBL1808,IC50,M,1.8E-7
O=C(N[C@@H](Cc1ccccc1)C(=O)CCC(=O)N1CCC[C@H]1C(=O)O)c1ccccc1,CHEMBL435360,8.49,IC50,nM,3.2,CHEMBL1808,IC50,M,3.2E-9
C[C@H](CS)C(=O)N1CCC[C@H]1C(=O)O,CHEMBL1560,8.05,IC50,nM,9.0,CHEMBL1808,IC50,M,9E-9
O=C(CN1Cc2c(Cl)cccc2NC1=O)NO,CHEMBL298647,4.05,IC50,nM,90000.0,CHEMBL1808,IC50,uM,90.0
O=C(NC(Cc1ccccc1)/C(CCC(=O)N1CCC[C@H]1C(=O)O)=N/O)c1ccccc1,CHEMBL366727,5.92,IC50,nM,1200.0,CHEMBL1808,IC50,M,0.0000012
O=C(CN1Cc2c(Cl)cccc2NS1(=O)=O)NO,CHEMBL299946,,IC50,nM,100000.0,CHEMBL1808,IC50,uM,100.0
CC(NC(=O)c1ccccc1)C(=O)CCC(=O)N1CCC[C@H]1C(=O)O,CHEMBL172913,6.52,IC50,nM,300.0,CHEMBL1808,IC50,M,3E-7
O=C(NC(Cc1ccccc1)C(=O)CCC(=O)N1CCC[C@H]1C(=O)O)c1ccco1,CHEMBL172262,8.85,IC50,nM,1.4,CHEMBL1808,IC50,M,1.4E-9
O=C(CCC(=O)N1CCC[C@H]1C(=O)O)C(Cc1ccccc1)NC(=O)C1CCCO1,CHEMBL368784,7.70,IC50,nM,20.0,CHEMBL1808,IC50,M,2E-8
COC(=O)[C@@H]1CCCN1C(=O)CCC(=O)C(Cc1ccccc1)NC(=O)c1ccccc1,CHEMBL177394,7.09,IC50,nM,82.0,CHEMBL1808,IC50,M,8.2E-8
O=C(NC(Cc1ccccc1)C(=O)CCC(=O)N1CCCC1)c1ccccc1,CHEMBL177870,,IC50,nM,,CHEMBL1808,IC50,M,
CC(C)(C)OC(=O)[C@@H]1CCCN1C(=O)CCC(=O)C(Cc1ccc(OCc2ccccc2)cc1)NC(=O)c1ccccc1,CHEMBL369809,5.07,IC50,nM,8600.0,CHEMBL1808,IC50,M,0.0000086
NC(=O)[C@@H]1CCCN1C(=O)CCC(=O)C(Cc1ccccc1)NC(=O)c1ccccc1,CHEMBL368640,6.82,IC50,nM,150.0,CHEMBL1808,IC50,M,1.5E-7
O=C(NC(Cc1ccc(OCc2ccccc2)cc1)C(=O)CCC(=O)N1CCC[C@H]1C(=O)OCc1ccccc1)c1ccccc1,CHEMBL172356,7.07,IC50,nM,86.0,CHEMBL1808,IC50,M,8.6E-8
O=C(O)C1CSC(c2ccccc2O)N1C(=O)CCS,CHEMBL110444,7.19,IC50,nM,65.0,CHEMBL1808,I50,M,6.5E-8
C[C@H](CS)C(=O)N1C(=O)CC[C@H]1C(=O)O,CHEMBL311525,8.05,IC50,nM,9.0,CHEMBL1808,I50,M,9E-9
O=C(O)[C@H]1CCCN1C(=O)CCS,CHEMBL305938,6.70,IC50,nM,200.0,CHEMBL1808,I50,uM,0.2
CC(C)[C@@H](O)C[C@H](O)[C@H](CC1CCCCC1)NC(=O)[C@H](Cc1c[nH]cn1)NC(=O)c1cc2ccccc2[nH]1,CHEMBL54677,,IC50,nM,100000.0,CHEMBL1808,IC50,nM,100000.0
O=C(O)[C@@H]1CCCN1C(=O)CCS,CHEMBL10962,,IC50,nM,1800000.0,CHEMBL1808,I50,uM,1800.0
O=C(/C=C\S)C1CC[C@@H](C(=O)O)C1,CHEMBL128223,6.19,IC50,nM,650.0,CHEMBL1808,I50,uM,0.65
C[C@H](N[C@](C)(CCc1ccccc1)C(=O)O)C(=O)N1CCC[C@H]1C(=O)O,CHEMBL2304318,8.92,IC50,nM,1.2,CHEMBL1808,I50,M,1.2E-9
C[C@@H](NC(=O)[C@H](Cc1ccccc1)NC(=O)c1ccccc1)C(=O)N1CCC[C@H]1C(=O)O,CHEMBL131552,8.49,IC50,nM,3.2,CHEMBL1808,I50,M,3.2E-9
O=C(O)C(CCc1ccccc1)N[C@H]1CCCC2SC[C@@H](C(=O)O)N2C1=O,CHEMBL340528,9.22,IC50,nM,0.6,CHEMBL1808,I50,M,6E-10
C[C@@H](CS)C(=O)N1c2ccccc2C[C@H]1C(=O)O,CHEMBL611148,8.43,IC50,nM,3.7,CHEMBL1808,I50,M,3.7E-9
O=C(O)CN1C(=O)[C@@H](NC(CCc2ccccc2)C(=O)O)CSc2ccccc21,CHEMBL290284,8.52,IC50,nM,3.0,CHEMBL1808,I50,M,3E-9
C[C@H](CS)C(=O)N1CCC[C@H]1C(=O)O,CHEMBL1560,7.70,IC50,nM,20.0,CHEMBL1808,I50,M,2E-8
COC(=O)c1ccccc1NC(=O)CN(C)C(=O)C1C[C@@H](S)CN1S(=O)(=O)c1ccc2ccccc2c1,CHEMBL177000,4.44,IC50,nM,36600.0,CHEMBL1808,IC50,uM,36.6
O=c1cc(N2CCOCC2)oc2ccccc12,CHEMBL367315,4.87,IC50,nM,13400.0,CHEMBL1808,IC50,uM,13.4
CC(=O)S[C@@H]1C[C@@H](COCc2cc(F)c(F)cc2F)N(C(=O)Oc2cccc3c2OCCO3)C1,CHEMBL191879,,IC50,nM,100000.0,CHEMBL1808,IC50,uM,100.0
O=C(S[C@@H]1C[C@@H](COCc2cc(F)c(F)cc2F)N(C(=O)Oc2cccc3c2OCCO3)C1)c1ccccc1,CHEMBL193490,,IC50,nM,100000.0,CHEMBL1808,IC50,uM,100.0
CC(C)OC(=O)N1C[C@H](S)CC1CNCc1cc(F)ccc1F,CHEMBL192441,,IC50,nM,100000.0,CHEMBL1808,IC50,uM,100.0
CCCc1cnc(N2C[C@H](S)CC2CNCc2cc(F)ccc2F)nc1,CHEMBL194651,4.50,IC50,nM,31500.0,CHEMBL1808,IC50,uM,31.5
Cc1ccc(S(=O)(=O)N(C)NC(=O)C2C[C@@H](S)CN2S(=O)(=O)c2ccc3ccccc3c2)cc1,CHEMBL425383,4.84,IC50,nM,14600.0,CHEMBL1808,IC50,uM,14.6
C[C@H](CS)C(=O)N1CCC[C@H]1C(=O)O,CHEMBL1560,7.64,IC50,nM,23.0,CHEMBL1808,IC50,nM,23.0
O=C(O)CCNC(=O)C(CS)Cc1ccccc1,CHEMBL196902,4.50,IC50,nM,32000.0,CHEMBL1808,IC50,nM,32000.0
C[C@H](NC(=O)[C@@H](S)Cc1ccccc1)C(=O)N1CCC[C@H]1C(=O)O,CHEMBL287896,7.52,IC50,nM,30.0,CHEMBL1808,IC50,nM,30.0
O=C(N[C@H]1CCCSC2CCC[C@@H](C(=O)O)N21)[C@@H](S)Cc1ccccc1,CHEMBL372307,8.30,IC50,nM,5.0,CHEMBL1808,IC50,nM,5.0
O=C(N[C@H]1Cc2ccccc2C2CCC[C@H](C(=O)O)N2C1=O)[C@H](S)Cc1ccccc1,CHEMBL198316,9.96,IC50,nM,0.11,CHEMBL1808,IC50,nM,0.11
CN[C@@H](Cc1c[nH]c2ccccc12)C(=O)N[C@@H](CCCN)C(=O)N1CCC[C@H]1C(=O)O,CHEMBL378864,5.00,IC50,nM,10000.0,CHEMBL1808,IC50,uM,10.0
NCCC[C@H](NC(=O)[C@@H](N)Cc1c[nH]c2ccc(O)cc12)C(=O)N1CCC[C@H]1C(=O)O,CHEMBL381557,5.40,IC50,nM,4000.0,CHEMBL1808,IC50,uM,4.0
NCCC[C@H](NC(=O)[C@@H](N)Cc1ccsc1)C(=O)N1CCC[C@H]1C(=O)O,CHEMBL383507,6.22,IC50,nM,600.0,CHEMBL1808,IC50,uM,0.6
NCCC[C@H](NC(=O)CCc1nc2ccccc2[nH]1)C(=O)N1CCC[C@H]1C(=O)O,CHEMBL204944,5.00,IC50,nM,10000.0,CHEMBL1808,IC50,uM,10.0
CC(C)CN(C[C@H](O)C(=O)O)C(=O)N[C@@H](Cc1ccc2ccccc2c1)C(=O)O,CHEMBL450935,7.28,IC50,nM,52.0,CHEMBL1808,IC50,nM,52.0
CC(C)CN(CP(=O)(O)O)C(=O)N[C@@H](Cc1ccc2ccccc2c1)C(=O)O,CHEMBL442455,7.54,IC50,nM,29.0,CHEMBL1808,IC50,nM,29.0
O=C(O)[C@H](Cc1ccc2ccccc2c1)NC(=O)N(CCN1C(=O)c2cccc3cccc(c23)C1=O)C[C@H](O)C(=O)O,CHEMBL271718,5.70,IC50,nM,1980.0,CHEMBL1808,IC50,nM,1980.0
O=C(O)[C@H](Cc1ccc2ccccc2c1)NC(=O)N(Cc1ccc2c(c1)Cc1ccccc1-2)C[C@H](O)C(=O)O,CHEMBL256895,6.82,IC50,nM,150.0,CHEMBL1808,IC50,nM,150.0
O=C1c2ccccc2C(=O)c2cc(CN(C[C@H](O)C(=O)O)C(=O)N[C@@H](Cc3ccc4ccccc4c3)C(=O)O)ccc21,CHEMBL273140,7.40,IC50,nM,40.0,CHEMBL1808,IC50,nM,40.0
O=C1c2ccccc2-c2ccc(CN(C[C@H](O)C(=O)O)C(=O)N[C@@H](Cc3ccc4ccccc4c3)C(=O)O)cc21,CHEMBL258130,7.41,IC50,nM,39.0,CHEMBL1808,IC50,nM,39.0
CC(C)(C)CN(C[C@H](O)C(=O)O)C(=O)N[C@@H](Cc1ccc2ccccc2c1)C(=O)O,CHEMBL273142,6.72,IC50,nM,191.0,CHEMBL1808,IC50,nM,191.0
CC(C)CN(C[C@H](O)C(=O)O)C(=O)N[C@@H](Cc1ccc(O)c(O)c1)C(=O)O,CHEMBL258278,7.64,IC50,nM,23.0,CHEMBL1808,IC50,nM,23.0
CC(C)CN(C[C@H](O)C(=O)O)C(=O)N[C@@H](Cc1ccc(O)cc1)C(=O)O,CHEMBL270576,7.22,IC50,nM,60.0,CHEMBL1808,IC50,nM,60.0
CC(C)CN(C[C@H](O)C(=O)O)C(=O)N[C@@H](Cc1ccc(-c2ccccc2)cc1)C(=O)O,CHEMBL409720,7.46,IC50,nM,35.0,CHEMBL1808,IC50,nM,35.0
CC(C)CN(C[C@H](O)C(=O)O)C(=O)N[C@@H](Cc1cccc2ccccc12)C(=O)O,CHEMBL409920,6.96,IC50,nM,110.0,CHEMBL1808,IC50,nM,110.0
CC(C)CN(C[C@H](O)C(=O)O)C(=O)N[C@@H](Cc1c[nH]c2ccccc12)C(=O)O,CHEMBL255568,6.99,IC50,nM,103.0,CHEMBL1808,IC50,nM,103.0
O=c1oc2c(O)c(O)cc3c(=O)oc4c(O)c(O)cc1c4c23,CHEMBL6246,,IC50,nM,5000000.0,CHEMBL1808,IC50,10'-3 mol/L,5.0
C[C@H](CS)C(=O)N1CCC[C@H]1C(=O)O,CHEMBL1560,8.30,IC50,nM,5.0,CHEMBL1808,IC50,10'-9mol/L,5.0
O=C(O[C@@H]1O[C@@H]2COC(=O)c3cc(O)c(O)c(O)c3-c3c(cc(O)c(O)c3O)C(=O)O[C@H]([C@H]1O)[C@@H]2O)c1cc(O)c(O)c(O)c1,CHEMBL449392,,IC50,nM,3700000.0,CHEMBL1808,IC50,10'-3 mol/L,3.7
O=C(O)c1cc(O)c(O)c(O)c1,CHEMBL288114,,IC50,nM,7700000.0,CHEMBL1808,IC50,10'-3 mol/L,7.7
O=C1O[C@H]2[C@@H]3OC(=O)c4cc(O)c(O)c(O)c4-c4c(cc(O)c(O)c4O)C(=O)OC[C@H]2O[C@@H](OC(=O)c2cc(O)c(O)c(O)c2)[C@@H]3OC(=O)c2cc(O)c(O)c3c2[C@@H]2C1=CC(=O)[C@](O)(O3)C2(O)O,CHEMBL506069,,IC50,nM,400000.0,CHEMBL1808,IC50,10'-4 mol/L,4.0
C[C@H](CS)C(=O)N1CCC[C@H]1C(=O)O,CHEMBL1560,7.64,IC50,nM,23.0,CHEMBL1808,IC50,nM,23.0
CC(C)c1ccc(CS[C@@H]2CC[C@@H](C(=O)O)N2C(=O)[C@H](C)CS)cc1,CHEMBL499305,8.48,IC50,nM,3.3,CHEMBL1808,IC50,nM,3.3
C[C@H](CS)C(=O)N1[C@@H](SCc2ccc(C3CCCCC3)cc2)CC[C@H]1C(=O)O,CHEMBL502817,6.55,IC50,nM,280.0,CHEMBL1808,IC50,nM,280.0
C[C@H](CS)C(=O)N1[C@@H](SCc2ccc(C(C)(C)C)cc2)CC[C@H]1C(=O)O,CHEMBL500409,6.39,IC50,nM,410.0,CHEMBL1808,IC50,nM,410.0
CSc1ccc(CS[C@H]2CC[C@@H](C(=O)O)N2C(=O)[C@H](C)CS)cc1,CHEMBL525967,8.39,IC50,nM,4.1,CHEMBL1808,IC50,nM,4.1
Cc1ccccc1CS[C@H]1CC[C@@H](C(=O)O)N1C(=O)[C@H](C)CS,CHEMBL500408,8.64,IC50,nM,2.3,CHEMBL1808,IC50,nM,2.3
Cc1cccc(CS[C@H]2CC[C@@H](C(=O)O)N2C(=O)[C@H](C)CS)c1,CHEMBL499612,9.05,IC50,nM,0.9,CHEMBL1808,IC50,nM,0.9
CC(C)c1ccc(CCCS[C@H]2CC[C@@H](C(=O)O)N2C(=O)[C@H](C)CS)cc1,CHEMBL499611,7.82,IC50,nM,15.0,CHEMBL1808,IC50,nM,15.0
CC(C)c1ccc(CCS[C@H]2CC[C@@H](C(=O)O)N2C(=O)[C@H](C)CS)cc1,CHEMBL525948,7.72,IC50,nM,19.0,CHEMBL1808,IC50,nM,19.0
CC(C)c1ccc(CS[C@H]2CC[C@@H](C(=O)O)N2C(=O)[C@H](C)CS)cc1,CHEMBL449792,8.08,IC50,nM,8.4,CHEMBL1808,IC50,nM,8.4
C[C@H](CS)C(=O)N1[C@@H](SCc2ccc3ccccc3c2)CC[C@H]1C(=O)O,CHEMBL499610,8.38,IC50,nM,4.2,CHEMBL1808,IC50,nM,4.2
C[C@H](CS)C(=O)N1[C@@H](SCc2cccc3ccccc23)CC[C@H]1C(=O)O,CHEMBL526896,8.49,IC50,nM,3.2,CHEMBL1808,IC50,nM,3.2
C[C@H](CS)C(=O)N1[C@@H](SCCCc2ccccc2)CC[C@H]1C(=O)O,CHEMBL443353,10.54,IC50,nM,0.029,CHEMBL1808,IC50,nM,0.029
C[C@H](CS)C(=O)N1[C@@H](SCCc2ccccc2)CC[C@H]1C(=O)O,CHEMBL526298,9.74,IC50,nM,0.18,CHEMBL1808,IC50,nM,0.18
C[C@H](CS)C(=O)N1[C@@H](SCc2ccccc2)CC[C@H]1C(=O)O,CHEMBL498798,8.62,IC50,nM,2.4,CHEMBL1808,IC50,nM,2.4
O=c1c2cc(O)c(O)cc2oc2c(O)c(O)ccc12,CHEMBL477740,4.45,IC50,nM,35400.0,CHEMBL1808,IC50,uM,35.4
O=c1c2cc(O)c(O)cc2oc2cc(O)c(O)cc12,CHEMBL12700,,IC50,nM,769000.0,CHEMBL1808,IC50,uM,769.0
O=c1c2cc(O)c(O)cc2oc2cc(O)cc(O)c12,CHEMBL187265,,IC50,nM,530800.0,CHEMBL1808,IC50,uM,530.8
O=c1c2ccc(O)c(O)c2oc2c(O)c(O)ccc12,CHEMBL477921,,IC50,nM,238500.0,CHEMBL1808,IC50,uM,238.5
O=c1c2ccc(O)c(O)c2oc2cc(O)cc(O)c12,CHEMBL448040,4.16,IC50,nM,69200.0,CHEMBL1808,IC50,uM,69.2
O=C1C2=C(CCCC2)S(=O)(=O)N1c1cccc(Cl)n1,CHEMBL513281,,IC50,nM,100000.0,CHEMBL1808,IC50,uM,100.0
O=C1c2ccccc2S(=O)(=O)N1c1c(F)c(F)nc(F)c1F,CHEMBL518500,,IC50,nM,100000.0,CHEMBL1808,IC50,uM,100.0
O=C1C2=C(CCCC2)S(=O)(=O)N1c1ccncc1.[O-][Cl+3]([O-])([O-])O,CHEMBL512569,,IC50,nM,100000.0,CHEMBL1808,IC50,uM,100.0
O=C1C2=C(CCCC2)S(=O)(=O)N1c1c(F)c(F)c(F)c(F)c1F,CHEMBL503392,,IC50,nM,100000.0,CHEMBL1808,IC50,uM,100.0
CC1=C(c2ccccc2)C(=O)N(c2c(F)c(F)nc(F)c2F)S1(=O)=O,CHEMBL461946,,IC50,nM,100000.0,CHEMBL1808,IC50,uM,100.0
CC1=C(C)S(=O)(=O)N(c2c(F)c(F)nc(F)c2F)C1=O,CHEMBL512758,,IC50,nM,100000.0,CHEMBL1808,IC50,uM,100.0
O=C1C2=C(CCCC2)S(=O)(=O)N1c1c(F)c(F)nc(F)c1F,CHEMBL461945,,IC50,nM,100000.0,CHEMBL1808,IC50,uM,100.0
O=C1C2=C(CCCC2)S(=O)(=O)N1c1ncc(F)cc1F,CHEMBL459684,,IC50,nM,100000.0,CHEMBL1808,IC50,uM,100.0
O=C1C2=C(CCCC2)S(=O)(=O)N1c1cccc(Br)n1,CHEMBL459683,,IC50,nM,100000.0,CHEMBL1808,IC50,uM,100.0
C[C@H](CS)C(=O)N1CCC[C@H]1C(=O)O,CHEMBL1560,9.20,IC50,nM,0.63,CHEMBL1808,IC50,uM,0.00063
C[C@H](CS)C(=O)N[C@@H](CSCc1ccc(N(C)C)cc1)C(=O)O,CHEMBL457317,6.28,IC50,nM,520.0,CHEMBL1808,IC50,nM,520.0
C[C@H](CS)C(=O)N[C@@H](CSCc1ccccc1)C(=O)O,CHEMBL451209,7.47,IC50,nM,34.0,CHEMBL1808,IC50,nM,34.0
C[C@H](CS)C(=O)N[C@@H](CSCc1ccc(F)cc1)C(=O)O,CHEMBL467755,7.00,IC50,nM,100.0,CHEMBL1808,IC50,nM,100.0
C[C@H](CS)C(=O)N[C@@H](CSCc1ccc(Cl)cc1)C(=O)O,CHEMBL444474,6.60,IC50,nM,250.0,CHEMBL1808,IC50,nM,250.0
C[C@H](CS)C(=O)N[C@@H](CSCc1ccc(Br)cc1)C(=O)O,CHEMBL513671,6.55,IC50,nM,280.0,CHEMBL1808,IC50,nM,280.0
C[C@H](CS)C(=O)N[C@@H](CSCc1ccc(I)cc1)C(=O)O,CHEMBL459959,6.85,IC50,nM,140.0,CHEMBL1808,IC50,nM,140.0
Cc1ccc(CSC[C@H](NC(=O)[C@H](C)CS)C(=O)O)cc1,CHEMBL459960,6.62,IC50,nM,240.0,CHEMBL1808,IC50,nM,240.0
C[C@H](CS)C(=O)N[C@@H](CSCc1ccc(C(F)(F)F)cc1)C(=O)O,CHEMBL459961,6.47,IC50,nM,340.0,CHEMBL1808,IC50,nM,340.0
CCc1ccc(CSC[C@H](NC(=O)[C@H](C)CS)C(=O)O)cc1,CHEMBL511184,7.68,IC50,nM,21.0,CHEMBL1808,IC50,nM,21.0
CCCc1ccc(CSC[C@H](NC(=O)[C@H](C)CS)C(=O)O)cc1,CHEMBL461021,6.68,IC50,nM,210.0,CHEMBL1808,IC50,nM,210.0
CC(C)c1ccc(CSC[C@H](NC(=O)[C@H](C)CS)C(=O)O)cc1,CHEMBL461022,6.52,IC50,nM,300.0,CHEMBL1808,IC50,nM,300.0
C[C@H](CS)C(=O)N[C@@H](CSCc1ccc(C(C)(C)C)cc1)C(=O)O,CHEMBL463320,6.89,IC50,nM,130.0,CHEMBL1808,IC50,nM,130.0
C[C@H](CS)C(=O)N[C@@H](CSCc1ccc(-c2ccccc2)cc1)C(=O)O,CHEMBL463520,6.55,IC50,nM,280.0,CHEMBL1808,IC50,nM,280.0
C[C@H](CS)C(=O)N[C@@H](CSCc1ccc(C2CCCCC2)cc1)C(=O)O,CHEMBL512941,5.40,IC50,nM,4000.0,CHEMBL1808,IC50,nM,4000.0
COc1ccc(CSC[C@H](NC(=O)[C@H](C)CS)C(=O)O)cc1,CHEMBL511344,7.00,IC50,nM,100.0,CHEMBL1808,IC50,nM,100.0
C[C@H](CS)C(=O)N[C@@H](CSCc1ccc(OC(F)(F)F)cc1)C(=O)O,CHEMBL515834,6.58,IC50,nM,260.0,CHEMBL1808,IC50,nM,260.0
CCOc1ccc(CSC[C@H](NC(=O)[C@H](C)CS)C(=O)O)cc1,CHEMBL457571,6.47,IC50,nM,340.0,CHEMBL1808,IC50,nM,340.0
C[C@H](CS)C(=O)N[C@@H](CSCc1ccc(Oc2ccccc2)cc1)C(=O)O,CHEMBL514268,6.43,IC50,nM,370.0,CHEMBL1808,IC50,nM,370.0
CCN(CC)c1ccc(CSC[C@H](NC(=O)[C@H](C)CS)C(=O)O)cc1,CHEMBL457795,5.34,IC50,nM,4600.0,CHEMBL1808,IC50,nM,4600.0
C[C@H](CS)C(=O)N[C@@H](CSCc1ccc(C#N)cc1)C(=O)O,CHEMBL457796,6.52,IC50,nM,300.0,CHEMBL1808,IC50,nM,300.0
C[C@H](CS)C(=O)N[C@@H](CSCc1ccc([N+](=O)[O-])cc1)C(=O)O,CHEMBL456278,6.50,IC50,nM,320.0,CHEMBL1808,IC50,nM,320.0
CSc1ccc(CSC[C@H](NC(=O)[C@H](C)CS)C(=O)O)cc1,CHEMBL511849,6.52,IC50,nM,300.0,CHEMBL1808,IC50,nM,300.0
C[C@H](CS)C(=O)N[C@@H](CSCc1ccc(S(C)(=O)=O)cc1)C(=O)O,CHEMBL458237,6.52,IC50,nM,300.0,CHEMBL1808,IC50,nM,300.0
CC(C)c1ccc(CSC(C)(C)[C@H](NC(=O)[C@H](C)CS)C(=O)O)cc1,CHEMBL511339,,IC50,nM,10000.0,CHEMBL1808,IC50,nM,10000.0
CC(C)c1ccc(C(C)SC[C@H](NC(=O)[C@H](C)CS)C(=O)O)cc1,CHEMBL458238,6.70,IC50,nM,200.0,CHEMBL1808,IC50,nM,200.0
CCC(SC[C@H](NC(=O)[C@H](C)CS)C(=O)O)c1ccc(C(C)C)cc1,CHEMBL458447,6.47,IC50,nM,340.0,CHEMBL1808,IC50,nM,340.0
CCCC(SC[C@H](NC(=O)[C@H](C)CS)C(=O)O)c1ccc(C(C)C)cc1,CHEMBL458450,6.38,IC50,nM,420.0,CHEMBL1808,IC50,nM,420.0
CC(C)c1ccc(C(SC[C@H](NC(=O)[C@H](C)CS)C(=O)O)C(C)C)cc1,CHEMBL458451,6.37,IC50,nM,430.0,CHEMBL1808,IC50,nM,430.0
CCCCC(SC[C@H](NC(=O)[C@H](C)CS)C(=O)O)c1ccc(C(C)C)cc1,CHEMBL505067,5.44,IC50,nM,3600.0,CHEMBL1808,IC50,nM,3600.0
CC(C)c1ccc(C(SC[C@H](NC(=O)[C@H](C)CS)C(=O)O)c2ccccc2)cc1,CHEMBL516325,5.77,IC50,nM,1700.0,CHEMBL1808,IC50,nM,1700.0
CC(C)c1ccc(C(C)(C)SC[C@H](NC(=O)[C@H](C)CS)C(=O)O)cc1,CHEMBL456723,6.58,IC50,nM,260.0,CHEMBL1808,IC50,nM,260.0
C[C@H](CS)C(=O)N[C@@H](CSC(c1ccccc1)c1ccc(C2CCCCC2)cc1)C(=O)O,CHEMBL456044,,IC50,nM,10000.0,CHEMBL1808,IC50,nM,10000.0
C[C@H](CS)C(=O)N[C@@H](CSC(C)(C)c1ccc(C2CCCCC2)cc1)C(=O)O,CHEMBL456045,5.52,IC50,nM,3000.0,CHEMBL1808,IC50,nM,3000.0
CC(C)CC(S)CC(=O)NC(Cc1ccccc1)C(=O)O,CHEMBL173287,,IC50,nM,10000.0,CHEMBL1808,IC50,nM,10000.0
CC(C)CC(S)CC(=O)NC(Cc1ccccc1)C(=O)NC(Cc1ccc(O)cc1)C(=O)O,CHEMBL367174,5.55,IC50,nM,2800.0,CHEMBL1808,IC50,nM,2800.0
O=C(CC(S)C(F)(F)F)NC(Cc1ccccc1)C(=O)O,CHEMBL560685,6.08,IC50,nM,830.0,CHEMBL1808,IC50,nM,830.0
O=C(CC(S)C(F)(F)F)NC(Cc1ccc(O)cc1)C(=O)O,CHEMBL540674,6.80,IC50,nM,160.0,CHEMBL1808,IC50,nM,160.0
O=C(CC(S)C(F)(F)F)NC(Cc1ccc(F)cc1)C(=O)O,CHEMBL551145,6.52,IC50,nM,300.0,CHEMBL1808,IC50,nM,300.0
O=C(CC(S)C(F)(F)F)NC(Cc1c[nH]c2ccccc12)C(=O)O,CHEMBL551622,6.40,IC50,nM,400.0,CHEMBL1808,IC50,nM,400.0
O=C(CC(S)C(F)(F)C(F)(F)F)NC(Cc1ccccc1)C(=O)O,CHEMBL558146,6.00,IC50,nM,1010.0,CHEMBL1808,IC50,nM,1010.0
O=C(CC(S)C(F)(F)F)NC(Cc1ccccc1)C(=O)NC(Cc1ccc(O)cc1)C(=O)O,CHEMBL560409,6.55,IC50,nM,280.0,CHEMBL1808,IC50,nM,280.0
C[C@H](CS)C(=O)N1CCC[C@H]1C(=O)O,CHEMBL1560,9.92,IC50,nM,0.12,CHEMBL1808,IC50,nM,0.12
O=C(O)CC(O)CCc1ccc(-c2ccccc2)cc1,CHEMBL572982,,IC50,nM,250000.0,CHEMBL1808,IC50,uM,250.0
O=C(O)CC(O)CCc1ccc(-c2ccccc2)cc1,CHEMBL572982,,IC50,nM,250000.0,CHEMBL1808,IC50,uM,250.0
O=C(O)CC(O)CCc1ccc(-c2ccccc2)cc1,CHEMBL572982,,IC50,nM,250000.0,CHEMBL1808,IC50,uM,250.0
CS(=O)(=O)N[C@@H](CCCCN)C(=O)N[C@@H](Cc1ccccc1)P(=O)(O)CC1(C(=O)N[C@@H](Cc2c[nH]c3ccccc23)C(=O)O)CCCC1,CHEMBL43370,8.60,IC50,nM,2.5,CHEMBL1808,IC50,nM,2.5
COC(=O)[C@@H]1CCCN1C(=O)[C@@H](Cc1ccccc1)N(C)C(=O)[C@H](C)NC(=O)[C@@H](NC(=O)C[C@H](O)[C@H](CC(C)C)NC(=O)[C@H](CC(N)=O)NC(=O)[C@H](CC(C)C)NC(=O)[C@H](OC(=O)[C@@H](OC(=O)[C@H](C(C)C)N(C)C)C(C)C)C(C)C)[C@@H](C)O,CHEMBL567893,5.00,IC50,nM,10000.0,CHEMBL1808,IC50,uM,10.0
CN1CCN(c2cccc3nc(CN(C)[C@H]4CCCc5cccnc54)c(CO)n23)CC1,CHEMBL1242210,6.71,IC50,nM,193.0,CHEMBL1808,IC50,nM,193.0
O=C(N[C@@H](CCc1ccccc1)CP(=O)(O)CC(=O)N1CCC[C@H]1C(=O)O)c1ccccc1,CHEMBL2153745,7.92,IC50,nM,12.0,CHEMBL1808,IC50,nM,12.0
C[C@H](C[Si](O)(O)[C@H](Cc1ccccc1)NC(=O)c1ccccc1)C(=O)N1CCC[C@H]1C(=O)O,CHEMBL2097001,8.42,IC50,nM,3.8,CHEMBL1808,IC50,nM,3.8
O=C1N[C@H](C(=O)O)CCCCCc2cccc(c2)C[C@H]1CS,CHEMBL148840,8.40,IC50,nM,4.0,CHEMBL1808,IC50,nM,4.0
O=C1N[C@H](C(=O)O)CCCCCc2ccccc2C[C@H]1CS,CHEMBL357311,5.10,IC50,nM,8000.0,CHEMBL1808,IC50,uM,8.0
C[C@@H](CC(=O)[C@@H](Cc1ccccc1)NC(=O)c1ccccc1)C(=O)N1CCC[C@H]1C(=O)O,CHEMBL328537,5.50,IC50,nM,3200.0,CHEMBL1808,IC50,nM,3200.0
C[C@@H](C[Si](O)(O)[C@@H](Cc1ccccc1)NC(=O)c1ccccc1)C(=O)N1CCC[C@H]1C(=O)O,CHEMBL328814,7.14,IC50,nM,72.0,CHEMBL1808,IC50,nM,72.0
C[C@H](CC(=O)[C@H](Cc1ccccc1)NC(=O)c1ccccc1)C(=O)N1CCC[C@H]1C(=O)O,CHEMBL95564,9.00,IC50,nM,1.0,CHEMBL1808,IC50,nM,1.0
C[C@H](C[Si](O)(O)[C@H](Cc1ccccc1)NC(=O)c1ccccc1)C(=O)N1CCC[C@H]1C(=O)O,CHEMBL2097001,8.42,IC50,nM,3.8,CHEMBL1808,IC50,nM,3.8
C[C@H](C[Si](O)(O)[C@H](Cc1ccccc1)NC(=O)c1ccccc1)C(=O)N1CCC[C@H]1C(=O)O,CHEMBL2097001,8.42,IC50,nM,3.8,CHEMBL1808,IC50,nM,3.8
C[C@H](CS)C(=O)N1CCC[C@H]1C(=O)O,CHEMBL1560,7.68,IC50,nM,21.0,CHEMBL1808,IC50,nM,21.0
CCCC(N[C@@H](C)C(=O)N1[C@H](C(=O)O)C[C@@H]2CCCC[C@@H]21)P(=O)(O)O,CHEMBL2442646,7.52,IC50,nM,30.0,CHEMBL1808,IC50,nM,30.0
C[C@H](NC(CCc1ccccc1)P(=O)(O)O)C(=O)N1[C@H](C(=O)O)C[C@@H]2CCCC[C@@H]21,CHEMBL2442647,7.40,IC50,nM,40.0,CHEMBL1808,IC50,nM,40.0
CCC[C@H](N[C@@H](C)C(=O)N1[C@H](C(=O)O)C[C@@H]2CCCC[C@@H]21)C(=O)OCC,CHEMBL1581,8.82,IC50,nM,1.5,CHEMBL1808,IC50,nM,1.5
NCCCC[C@H](N[C@@H](CCc1ccccc1)C(=O)O)C(=O)N1CCC[C@H]1C(=O)O,CHEMBL1237,10.00,IC50,nM,0.1,CHEMBL1808,IC50,nM,0.1
C[C@H](CS)C(=O)N1CCC[C@H]1C(=O)O,CHEMBL1560,7.64,IC50,nM,22.91,CHEMBL1808,pIC50,,7.64
CC(C)C[C@@H](CC(=O)N[C@@H](CO)C(=O)O)C(=O)O,CHEMBL3221963,,IC50,nM,31622.78,CHEMBL1808,pIC50,,4.5
CC(C)C[C@H](CC(=O)N[C@@H](CO)C(=O)O)C(=O)O,CHEMBL3221964,,IC50,nM,31622.78,CHEMBL1808,pIC50,,4.5
CC(C)C[C@@H](CC(=O)O)C(=O)N[C@@H](CO)C(=O)O,CHEMBL3221965,,IC50,nM,31622.78,CHEMBL1808,pIC50,,4.5
CC(C)C[C@H](CC(=O)O)C(=O)N[C@@H](CO)C(=O)O,CHEMBL3222111,,IC50,nM,31622.78,CHEMBL1808,pIC50,,4.5
CNC(=O)[C@H](Cc1c[nH]cn1)NC(=O)CN(CCCc1ccccc1)CC(=O)O,CHEMBL3235416,,IC50,nM,100000.0,CHEMBL1808,IC50,uM,100.0
C[C@H](CS)C(=O)N1CCC[C@H]1C(=O)O,CHEMBL1560,7.96,IC50,nM,11.0,CHEMBL1808,IC50,nM,11.0
N[C@@H](Cc1ccc(O)cc1)P(=O)(O)O,CHEMBL3264357,,IC50,nM,1000.0,CHEMBL1808,IC50,uM,1.0
CC[C@H](C)[C@H](NC(C)=O)C(=O)N[C@@H](Cc1ccc(O)cc1)C(=O)N[C@@H](Cc1ccc(O)cc1)P(=O)(O)O,CHEMBL1233799,6.96,IC50,nM,110.0,CHEMBL1808,IC50,nM,110.0
CC[C@H](C)[C@H](NC(C)=O)C(=O)N[C@@H](Cc1ccc(O)cc1)C(=O)N[C@@H](Cc1ccc(O)cc1)P(=O)(O)O,CHEMBL1233799,7.96,IC50,nM,11.0,CHEMBL1808,IC50,nM,11.0
CC[C@H](C)[C@H](NC(C)=O)C(=O)N[C@@H](CC(C)C)C(=O)N[C@@H](Cc1ccc(O)cc1)P(=O)(O)O,CHEMBL3264009,7.92,IC50,nM,12.0,CHEMBL1808,IC50,nM,12.0
CN[C@H](C(=O)N[C@@H](Cc1ccccc1)C(=O)N[C@@H](Cc1ccc(O)cc1)P(=O)(O)O)C(C)C,CHEMBL3264007,6.66,IC50,nM,220.0,CHEMBL1808,IC50,nM,220.0
CN[C@H](C(=O)N[C@@H](Cc1ccc(O)cc1)C(=O)N[C@@H](Cc1ccc(O)cc1)P(=O)(O)O)C(C)C,CHEMBL3264008,7.28,IC50,nM,52.0,CHEMBL1808,IC50,nM,52.0
CN[C@H](C(=O)N[C@@H](Cc1ccc(O)cc1)C(=O)N[C@@H](Cc1ccc(O)cc1)P(=O)(O)O)C(C)C,CHEMBL3264008,7.27,IC50,nM,54.0,CHEMBL1808,IC50,nM,54.0
CN[C@H](C(=O)N[C@@H](Cc1ccccc1)C(=O)N[C@@H](Cc1ccc(O)cc1)P(=O)(O)O)C(C)C,CHEMBL3264007,6.23,IC50,nM,590.0,CHEMBL1808,IC50,nM,590.0
CC[C@H](C)[C@H](NC(C)=O)C(=O)N[C@@H](CC(C)C)C(=O)N[C@@H](Cc1ccc(O)cc1)P(=O)(O)O,CHEMBL3264009,7.12,IC50,nM,76.0,CHEMBL1808,IC50,nM,76.0
CC[C@H](C)[C@H](NC(C)=O)C(=O)N[C@@H](Cc1ccccc1)C(=O)N[C@@H](Cc1ccc(O)cc1)P(=O)(O)O,CHEMBL3264010,8.15,IC50,nM,7.0,CHEMBL1808,IC50,nM,7.0
CC[C@H](C)[C@H](NC(C)=O)C(=O)N[C@@H](Cc1ccccc1)C(=O)N[C@@H](Cc1ccc(O)cc1)P(=O)(O)O,CHEMBL3264010,7.06,IC50,nM,88.0,CHEMBL1808,IC50,nM,88.0
CC[C@H](C)[C@H](NC(C)=O)C(=O)N[C@@H](CCC(=O)O)C(=O)N[C@@H](Cc1ccc(O)cc1)P(=O)(O)O,CHEMBL3264356,,IC50,,,CHEMBL1808,IC50,,
CC[C@H](C)[C@H](NC(C)=O)C(=O)N[C@@H](CCC(=O)O)C(=O)N[C@@H](Cc1ccc(O)cc1)P(=O)(O)O,CHEMBL3264356,,IC50,,,CHEMBL1808,IC50,,
O=C(O)C1CSSC1,CHEMBL3581910,,IC50,,,CHEMBL1808,IC50,,
N[C@@H](CC(=O)O)C(=O)O,CHEMBL274323,,IC50,,,CHEMBL1808,IC50,,
N=C(N)NCCC[C@H](N)C(=O)O,CHEMBL1485,,IC50,,,CHEMBL1808,IC50,,
N=C(N)NCCC[C@@H](N)C(=O)O,CHEMBL212301,,IC50,,,CHEMBL1808,IC50,,
O=C(OC1O[C@H](CO)[C@@H](O)[C@H](O)[C@H]1O)C1CSSC1,CHEMBL3581909,,IC50,nM,347000.0,CHEMBL1808,IC50,uM,347.0
N=C(N)NCCC[C@H](NC(=O)C1CSSC1)C(=O)O,CHEMBL3581908,,IC50,nM,113000.0,CHEMBL1808,IC50,uM,113.0
N[C@@H](CCN[C@@H](CCN1CC[C@H]1C(=O)O)C(=O)O)C(=O)O,CHEMBL3581907,4.73,IC50,nM,18700.0,CHEMBL1808,IC50,uM,18.7
O=C(O)CCC(=O)N1CCC[C@H]1C(=O)O,CHEMBL310578,4.84,IC50,nM,14500.0,CHEMBL1808,IC50,uM,14.5
C[C@H](CS)C(=O)N1CCC[C@H]1C(=O)O,CHEMBL1560,8.79,IC50,nM,1.61,CHEMBL1808,IC50,uM,0.00161
CC(C)C[C@H](S)C(=O)N1C[C@@H](F)C[C@H]1C(=O)N1CCC[C@H]1C(=O)N1CC[C@@H](C(=O)O)C1,CHEMBL4110944,4.17,IC50,nM,68000.0,CHEMBL1808,IC50,nM,68000.0
CC(C)C[C@H](S)C(=O)N1CCC[C@H]1C(=O)N1CCC[C@H]1C(=O)N1CC[C@H](C(=O)O)C1,CHEMBL3960222,4.31,IC50,nM,49000.0,CHEMBL1808,IC50,nM,49000.0
CC(C)C[C@H](S)C(=O)N1CCC[C@H]1C(=O)N1CCC[C@H]1C(=O)N1CCC[C@@H]1C(=O)O,CHEMBL3932740,4.92,IC50,nM,12000.0,CHEMBL1808,IC50,nM,12000.0
CC(C)C[C@H](S)C(=O)N1CCC[C@H]1C(=O)N1CCC[C@H]1C(=O)N(C)[C@@H](C)C(=O)O,CHEMBL3954917,6.19,IC50,nM,640.0,CHEMBL1808,IC50,nM,640.0
C[C@H](N[C@@H](CCc1ccccc1)C(=O)O)C(=O)N1CCC[C@H]1C(=O)O,CHEMBL577,8.60,IC50,nM,2.5,CHEMBL1808,IC50,nM,2.5
N[C@@H](CC(=O)N1CCn2c(nnc2C(F)(F)F)C1)Cc1cc(F)c(F)cc1F,CHEMBL1422,4.96,IC50,nM,11000.0,CHEMBL1808,IC50,uM,11.0
C[C@H](N[C@@H](CCc1ccccc1)C(=O)O)C(=O)N1C[C@@H](NC(=O)C[C@H](N)Cc2cc(F)c(F)cc2F)C[C@H]1C(=O)O,CHEMBL4067185,6.80,IC50,nM,158.0,CHEMBL1808,IC50,nM,158.0
CC[C@H](N[C@@H](CCc1ccccc1)C(=O)O)C(=O)N1C[C@@H](NC(=O)C[C@H](N)Cc2cc(F)c(F)cc2F)C[C@H]1C(=O)O,CHEMBL4086264,8.07,IC50,nM,8.6,CHEMBL1808,IC50,nM,8.6
CCC[C@H](N[C@@H](CCc1ccccc1)C(=O)O)C(=O)N1C[C@@H](NC(=O)C[C@H](N)Cc2cc(F)c(F)cc2F)C[C@H]1C(=O)O,CHEMBL4078112,7.29,IC50,nM,51.0,CHEMBL1808,IC50,nM,51.0
CCCC[C@H](N[C@@H](CCc1ccccc1)C(=O)O)C(=O)N1C[C@@H](NC(=O)C[C@H](N)Cc2cc(F)c(F)cc2F)C[C@H]1C(=O)O,CHEMBL4090635,6.55,IC50,nM,279.0,CHEMBL1808,IC50,nM,279.0
CN1C(=O)/C(=N\C(=S)NCc2cc3ccccc3cc2O)c2ccccc21,CHEMBL4163389,7.65,IC50,nM,22.3,CHEMBL1808,IC50,nM,22.3
CCCN1C(=O)/C(=N\C(=S)NCc2cc3ccccc3cc2O)c2ccccc21,CHEMBL4171024,7.93,IC50,nM,11.8,CHEMBL1808,IC50,nM,11.8
O=C1/C(=N\C(=S)NCc2cc3ccccc3cc2O)c2ccccc2N1CCBr,CHEMBL4160421,8.39,IC50,nM,4.11,CHEMBL1808,IC50,nM,4.11
CC(=O)N1C(=O)/C(=N\C(=S)NCc2cc3ccccc3cc2O)c2ccccc21,CHEMBL4167651,7.97,IC50,nM,10.67,CHEMBL1808,IC50,nM,10.67
COc1ccc(N2C(=O)/C(=N/C(=S)NCc3cc4ccccc4cc3O)c3ccccc32)cc1,CHEMBL4175518,8.01,IC50,nM,9.82,CHEMBL1808,IC50,nM,9.82
CC(=O)CN1C(=O)/C(=N\C(=S)NCc2cc3ccccc3cc2O)c2ccccc21,CHEMBL4159339,6.95,IC50,nM,112.0,CHEMBL1808,IC50,nM,112.0
O=C1/C(=N\C(=S)NCc2cc3ccccc3cc2O)c2ccccc2N1c1ccccc1,CHEMBL4167252,7.72,IC50,nM,18.97,CHEMBL1808,IC50,nM,18.97
O=C(O)CN1C(=O)/C(=N\C(=S)NCc2cc3ccccc3cc2O)c2ccccc21,CHEMBL4174467,8.55,IC50,nM,2.846,CHEMBL1808,IC50,nM,2.846
O=C1/C(=N\C(=S)NCc2cc3ccccc3cc2O)c2ccccc2N1c1ccccc1Cl,CHEMBL4163798,7.82,IC50,nM,15.11,CHEMBL1808,IC50,nM,15.11
Cc1ccc(C(=O)N2C(=O)/C(=N\C(=S)NCc3cc4ccccc4cc3O)c3ccccc32)cc1,CHEMBL4166152,7.62,IC50,nM,24.22,CHEMBL1808,IC50,nM,24.22
COc1ccc(CN2C(=O)/C(=N\C(=S)NCc3cc4ccccc4cc3O)c3ccccc32)cc1,CHEMBL4174072,8.12,IC50,nM,7.64,CHEMBL1808,IC50,nM,7.64
O=C1/C(=N\C(=S)NCc2cc3ccccc3cc2O)c2ccccc2N1C(=O)c1ccccc1,CHEMBL4163792,8.05,IC50,nM,8.841,CHEMBL1808,IC50,nM,8.841
NCCCC[C@H](N[C@@H](CCc1ccccc1)C(=O)O)C(=O)N1CCC[C@H]1C(=O)O,CHEMBL1237,8.10,IC50,nM,7.92,CHEMBL1808,IC50,nM,7.92
O=C(O)CN(CCN(CC(=O)O)CC(=O)O)CC(=O)O,CHEMBL858,4.85,IC50,nM,14000.0,CHEMBL1808,IC50,uM,14.0
C[C@H](CS)C(=O)N1CCC[C@H]1C(=O)O,CHEMBL1560,7.60,IC50,nM,25.0,CHEMBL1808,IC50,nM,25.0
CCCCCCC[C@H](N)C(O)C(=O)N[C@@H](C)C(=O)N[C@H](C(=O)O)C(C)C,CHEMBL4172457,,IC50,nM,460000.0,CHEMBL1808,IC50,uM,460.0
CCCCCCC[C@H](N)[C@H](O)C(=O)N(C)[C@@H](CC[S+](C)[O-])C(=O)N[C@@H](Cc1ccc(O)cc1)C(=O)O,CHEMBL4161811,4.51,IC50,nM,31000.0,CHEMBL1808,IC50,uM,31.0
C[C@H](CS)C(=O)N1CCC[C@H]1C(=O)O,CHEMBL1560,8.20,IC50,nM,6.3,CHEMBL1808,IC50,nM,6.3
C[C@H](CS)C(=O)N1C[Si](C)(C)C[C@H]1C(=O)O,CHEMBL4248427,7.37,IC50,nM,43.0,CHEMBL1808,IC50,nM,43.0
O=C(N[C@H]1CCS[C@H]2CCC[C@@H](C(=O)O)N2C1=O)[C@@H](S)Cc1ccccc1,CHEMBL289556,9.00,IC50,nM,1.0,CHEMBL1808,IC50,nM,1.0
O=C(N[C@H]1CCS[C@H]2CCC[C@@H](C(=O)O)N2C1=O)[C@H](Cc1ccccc1)SS[C@@H](Cc1ccccc1)C(=O)N[C@H]1CCS[C@H]2CCC[C@@H](C(=O)O)N2C1=O,CHEMBL4294217,5.55,IC50,nM,2800.0,CHEMBL1808,IC50,uM,2.8
O=C(N[C@H]1CCS[C@H]2CCC[C@@H](C(=O)O)N2C1=O)[C@H](Cc1ccccc1)SS[C@@H](Cc1ccccc1)C(=O)N[C@H]1CCS[C@H]2CCC[C@@H](C(=O)O)N2C1=O,CHEMBL4294217,5.75,IC50,nM,1800.0,CHEMBL1808,IC50,uM,1.8
O=C(N[C@H]1CCS[C@H]2CCC[C@@H](C(=O)O)N2C1=O)[C@@H](S)Cc1ccccc1,CHEMBL289556,10.00,IC50,nM,0.1,CHEMBL1808,pIC50,,10.0
CCOc1nc(CC)c(CNC(=O)[C@@H](S)CC(C)C)n1Cc1ccc(-c2ccccc2C(=O)O)cc1F,CHEMBL4435800,,IC50,nM,10000.0,CHEMBL1808,pIC50,,5.0
O=C(NNC(=S)Nc1ccc(Cl)c(Cl)c1)c1ccccc1O,CHEMBL4476621,9.15,IC50,nM,0.7,CHEMBL1808,IC50,nM,0.7
O=C(O)CNC(=O)C(CS)Cc1ccccc1,CHEMBL10247,4.99,IC50,nM,10200.0,CHEMBL1808,IC50,uM,10.2
C[C@H](C[C@@H](Cc1ccc(-c2ccccc2)cc1)NC(=O)CCC(=O)O)C(=O)O,CHEMBL417007,,IC50,nM,100000.0,CHEMBL1808,IC50,uM,100.0
C[C@H](NC(=O)[C@H](Cc1ccccc1)NC(=O)OCc1ccccc1)C(=O)CF,CHEMBL2402203,,IC50,nM,100000.0,CHEMBL1808,IC50(app),uM,100.0
O=C(CF)CNC(=O)[C@H](Cc1ccccc1)NC(=O)c1ccccc1,CHEMBL4590201,,IC50,nM,100000.0,CHEMBL1808,IC50(app),uM,100.0
O=C(CF)CNC(=O)[C@H](Cc1ccccc1)NC(=O)c1cccc2ccccc12,CHEMBL4520267,,IC50,nM,100000.0,CHEMBL1808,IC50(app),uM,100.0
CC(=O)C[C@@]1(O)C(=O)C2=C3O[C@H](C)C(C)(C)[C@]3(O)C(=O)c3c(C)cc(O)c(c32)C1=O,CHEMBL5207978,5.51,IC50,nM,3100.0,CHEMBL1808,IC50,uM,3.1
CC(=O)C[C@]1(O)C(=O)C2=C3O[C@H](C)C(C)(C)[C@]3(O)C(=O)c3c(C)cc(O)c(c32)C1=O,CHEMBL5177969,4.95,IC50,nM,11280.0,CHEMBL1808,IC50,uM,11.28
Cc1c(C#Cc2ccc(CN3CCC(CO)CC3)cc2)cc(C(F)F)c2cn(C(C(=O)Nc3nccs3)c3ncn4c3CCC43CC3)nc12,CHEMBL5177023,,IC50,nM,3000.0,CHEMBL1808,IC50,uM,3.0
NCCCC[C@H](N[C@@H](CCc1ccccc1)C(=O)O)C(=O)N1CCC[C@H]1C(=O)O,CHEMBL1237,10.00,IC50,nM,0.1,CHEMBL1808,IC50,nM,0.1
C[C@H](CS)C(=O)N1CCC[C@H]1C(=O)O,CHEMBL1560,6.38,IC50,nM,420.0,CHEMBL1808,IC50,nM,420.0
CC(C)C[C@H](N[C@@H](Cc1cncn1Cc1cc(Cl)cc(Cl)c1)C(=O)O)C(=O)O,CHEMBL429844,5.00,IC50,nM,10000.0,CHEMBL1808,pIC50,,5.0
CC(C)C[C@@H](N[C@@H](Cc1cncn1Cc1cc(Cl)cc(Cl)c1)C(=O)O)C(=O)O,CHEMBL5220314,4.40,IC50,nM,39810.72,CHEMBL1808,pIC50,,4.4
CC(C)CC(N[C@@H](Cc1cncn1Cc1cc(Cl)cc(Cl)c1)C(=O)O)C(=O)O,CHEMBL5220968,4.40,IC50,nM,39810.72,CHEMBL1808,pIC50,,4.4
C[C@H](CS)C(=O)N1CCC[C@H]1C(=O)O,CHEMBL1560,6.68,IC50,nM,208.93,CHEMBL1808,pIC50,,6.68
C[C@H](CS)C(=O)N1CSC[C@H]1C(=O)O,CHEMBL445830,6.43,IC50,nM,371.54,CHEMBL1808,pIC50,,6.43
C[C@H](CS)C(=O)N1CCS[C@H]1C(=O)O,CHEMBL5272875,6.08,IC50,nM,831.76,CHEMBL1808,pIC50,,6.08
O=C(O)[C@@H]1CS[C@H](c2ccccc2O)N1C(=O)CCS,CHEMBL309962,7.55,IC50,nM,28.18,CHEMBL1808,pIC50,,7.55
C[C@H](CS)C(=O)N1CCC[C@H]1C(=O)O,CHEMBL1560,7.52,IC50,nM,30.0,CHEMBL1808,IC50,nM,30.0
O=C(O)[C@@H]1CS[C@H](c2ccccc2O)N1C(=O)CCS,CHEMBL309962,8.22,IC50,nM,6.0,CHEMBL1808,IC50,nM,6.0
C[C@H](CS)C(=O)N1CCC[C@H]1C(=O)O,CHEMBL1560,8.20,IC50,nM,6.3,CHEMBL1808,IC50,nM,6.3
C[C@H](CS)C(=O)N1CCC[C@H]1C(=O)O,CHEMBL1560,7.92,IC50,nM,12.0,CHEMBL1808,IC50,nM,12.0
C[C@H](N[C@@H](CCc1ccccc1)C(=O)O)C(=O)N1CCC[C@H]1C(=O)O,CHEMBL577,8.92,IC50,nM,1.2,CHEMBL1808,IC50,nM,1.2
NCCCC[C@H](N[C@@H](CCc1ccccc1)C(=O)O)C(=O)N1CCC[C@H]1C(=O)O,CHEMBL1237,8.92,IC50,nM,1.2,CHEMBL1808,IC50,nM,1.2
C[C@H](CS)C(=O)N1c2ccccc2C[C@H]1C(=O)O,CHEMBL75752,8.59,IC50,nM,2.6,CHEMBL1808,IC50,nM,2.6
C[C@H](CS)C(=O)N1c2ccccc2CC[C@H]1C(=O)O,CHEMBL5275273,7.60,IC50,nM,25.0,CHEMBL1808,IC50,nM,25.0
C[C@H](CS)C(=O)N1Cc2ccccc2C[C@H]1C(=O)O,CHEMBL79189,7.75,IC50,nM,18.0,CHEMBL1808,IC50,nM,18.0
O=C(O)C1c2ccccc2CCN1C(=O)CCS,CHEMBL23351,5.75,IC50,nM,1800.0,CHEMBL1808,IC50,uM,1.8
CC(CS)C(=O)N1CCc2ccccc2C1C(=O)O,CHEMBL61916,4.24,IC50,nM,58000.0,CHEMBL1808,IC50,uM,58.0
CC(CS)C(=O)N1Cc2ccccc2C1C(=O)O,CHEMBL62203,4.85,IC50,nM,14000.0,CHEMBL1808,IC50,uM,14.0
O=C(O)C1Cc2sccc2CN1C(=O)CCS,CHEMBL23467,6.21,IC50,nM,620.0,CHEMBL1808,IC50,nM,620.0
O=C(O)[C@@H]1Cc2c([nH]c3ccccc23)CN1C(=O)CCS,CHEMBL5283805,6.27,IC50,nM,540.0,CHEMBL1808,IC50,nM,540.0
C[C@H](N[C@@H](CCc1ccccc1)C(=O)O)C(=O)N1Cc2ccccc2[C@H]1C(=O)O,CHEMBL5267769,7.36,IC50,nM,44.0,CHEMBL1808,IC50,nM,44.0
C[C@H](N[C@@H](CCc1ccccc1)C(=O)O)C(=O)N1Cc2ccccc2C[C@H]1C(=O)O,CHEMBL1733,8.55,IC50,nM,2.8,CHEMBL1808,IC50,nM,2.8
COc1cc2c(cc1OC)CN(C(=O)[C@H](C)N[C@@H](CCc1ccccc1)C(=O)O)[C@H](C(=O)O)C2,CHEMBL1201405,8.52,IC50,nM,3.0,CHEMBL1808,IC50,nM,3.0
C[C@H](N[C@@H](CCc1ccccc1)C(=O)O)C(=O)N1CCc2ccccc2[C@H]1C(=O)O,CHEMBL5287967,8.24,IC50,nM,5.8,CHEMBL1808,IC50,nM,5.8
CCOC(=O)[C@H](CCc1ccccc1)N[C@@H](C)C(=O)N1[C@H](C(=O)O)C[C@@H]2CCC[C@@H]21,CHEMBL1168,8.38,IC50,nM,4.2,CHEMBL1808,IC50,nM,4.2
CCC[C@H](N[C@@H](C)C(=O)N1[C@H](C(=O)O)C[C@@H]2CCCC[C@@H]21)C(=O)OCC,CHEMBL1581,8.44,IC50,nM,3.6,CHEMBL1808,IC50,nM,3.6
O=C(O)CN1C(=O)[C@@H](N[C@@H](CCc2ccccc2)C(=O)O)CCc2ccccc21,CHEMBL1192519,8.77,IC50,nM,1.7,CHEMBL1808,IC50,nM,1.7
O=C(O)CN1Cc2ccccc2C[C@H](NC(=O)[C@@H](S)Cc2ccccc2)C1=O,CHEMBL51576,7.48,IC50,nM,33.0,CHEMBL1808,IC50,nM,33.0
O=C(O)CN1C(=O)[C@@H](NC(=O)[C@@H](S)Cc2ccccc2)CCc2ccccc21,CHEMBL299639,7.92,IC50,nM,12.0,CHEMBL1808,IC50,nM,12.0
C[C@H](NC(=O)[C@@H](S)Cc1ccccc1)C(=O)N1CCC[C@H]1C(=O)O,CHEMBL287896,7.52,IC50,nM,30.0,CHEMBL1808,IC50,nM,30.0
C[C@H](NC(=O)[C@@H](CS)Cc1ccccc1)C(=O)N1Cc2ccccc2C[C@H]1C(=O)O,CHEMBL49920,7.85,IC50,nM,14.0,CHEMBL1808,IC50,nM,14.0
C[C@H](NC(=O)[C@@H](CS)Cc1ccccc1)C(=O)N1c2ccccc2C[C@H]1C(=O)O,CHEMBL50582,8.11,IC50,nM,7.8,CHEMBL1808,IC50,nM,7.8
CC[C@H](C)[C@@H]1NC(=O)[C@H](CCCNC(=N)N)NC(=O)[C@@H]2CCCN2C(=O)[C@H](CC(C)C)NC(=O)[C@H](CC(C)C)NC(=O)[C@H](CO)NC(=O)[C@H](CO)NC(=O)[C@@H]2CSCCC(=O)N3CN(CN(C3)C(=O)CCSC[C@@H](C(=O)N[C@@H](C)C(=O)O)NC(=O)[C@H](Cc3c[nH]cn3)NC1=O)C(=O)CCSC[C@H](NC(=O)[C@H](C)N)C(=O)N[C@@H](C(C)C)C(=O)N[C@@H](CCCNC(=N)N)C(=O)N[C@@H](CO)C(=O)N[C@@H](Cc1c[nH]cn1)C(=O)N2,CHEMBL5395954,,IC50,nM,40.0,CHEMBL1808,IC50,nM,40.0
CSCC[C@@H]1NC(=O)[C@H](CC(C)C)NC(=O)[C@H]([C@@H](C)O)NC(=O)[C@H](Cc2c[nH]cn2)NC(=O)[C@@H]2CSCCC(=O)N3CN(CN(C3)C(=O)CCSC[C@@H](C(=O)N[C@@H](C)C(N)=O)NC(=O)[C@H](CC(C)C)NC(=O)[C@H](Cc3c[nH]cn3)NC(=O)[C@H](CCCNC(=N)N)NC(=O)[C@@H]3CCCN3C1=O)C(=O)CCSC[C@H](NC(=O)[C@H](C)N)C(=O)NCC(=O)N[C@@H](CCCNC(=N)N)C(=O)N[C@@H](CCC(N)=O)C(=O)N[C@@H](Cc1ccccc1)C(=O)N2,CHEMBL5403774,7.66,IC50,nM,22.0,CHEMBL1808,IC50,nM,22.0
CC(C)C[C@@H]1NC(=O)[C@H](CO)NC(=O)[C@H](Cc2c[nH]cn2)NC(=O)[C@@H]2CSCCC(=O)N3CN(CN(C3)C(=O)CCSC[C@@H](C(=O)N[C@@H](C)C(N)=O)NC(=O)[C@H]([C@@H](C)O)NC(=O)[C@H](C)NC(=O)[C@H](CCCNC(=N)N)NC(=O)[C@@H]3CCCN3C(=O)[C@H](CC(C)C)NC1=O)C(=O)CCSC[C@H](NC(=O)[C@H](C)N)C(=O)N[C@@H]([C@@H](C)O)C(=O)N[C@@H](CCCNC(=N)N)C(=O)N1CCC[C@H]1C(=O)N[C@@H](Cc1c[nH]c3ccccc13)C(=O)N2,CHEMBL5396932,,IC50,nM,40.0,CHEMBL1808,IC50,nM,40.0
CC[C@H](C)[C@@H]1NC(=O)[C@H](CCCNC(=N)N)NC(=O)[C@@H]2CCCN2C(=O)[C@@H]2CSCCC(=O)N3CN(CN(C3)C(=O)CCSC[C@@H](C(=O)N[C@@H](C)C(N)=O)NC(=O)[C@H](CC(N)=O)NC1=O)C(=O)CCSC[C@H](NC(=O)[C@H](C)N)C(=O)N[C@@H](CC(C)C)C(=O)N[C@@H](CCCNC(=N)N)C(=O)N[C@@H](CO)C(=O)N[C@@H](Cc1ccc(O)cc1)C(=O)N[C@@H](CC(N)=O)C(=O)N[C@@H](CC(C)C)C(=O)N2,CHEMBL5434641,,IC50,nM,40.0,CHEMBL1808,IC50,nM,40.0
CC(C)C[C@@H]1NC(=O)[C@H](Cc2ccc(O)cc2)NC(=O)[C@H](CCC(N)=O)NC(=O)[C@H](CCC(N)=O)NC(=O)[C@@H]2CCCN2C(=O)[C@H](CC(=O)O)NC(=O)[C@H](CCCNC(=N)N)NC(=O)[C@@H]2CSCCC(=O)N3CN(CN(C3)C(=O)CCSC[C@@H](C(=O)N[C@@H](C)C(N)=O)NC(=O)[C@H](Cc3ccccc3)NC1=O)C(=O)CCSC[C@H](NC(=O)[C@H](C)N)C(=O)N[C@@H](Cc1c[nH]cn1)C(=O)N[C@@H](CCCCN)C(=O)N[C@@H](Cc1ccccc1)C(=O)N1CCC[C@H]1C(=O)N2,CHEMBL5415513,,IC50,nM,40.0,CHEMBL1808,IC50,nM,40.0
C[C@H](N)C(=O)N[C@H]1CSCCC(=O)N2CN3CN(C2)C(=O)CCSC[C@H](NC(=O)[C@H](CCCNC(=N)N)NC(=O)[C@@H]2CCCN2C(=O)[C@H](Cc2ccccc2)NC(=O)[C@H](CC(=O)O)NC(=O)[C@H](CCCNC(=N)N)NC(=O)[C@H](Cc2c[nH]cn2)NC1=O)C(=O)N[C@@H]([C@@H](C)O)C(=O)N[C@@H](Cc1c[nH]c2ccccc12)C(=O)N[C@@H](CCC(=O)O)C(=O)N[C@@H]([C@@H](C)O)C(=O)N[C@@H](CCC(N)=O)C(=O)N[C@@H](Cc1c[nH]c2ccccc12)C(=O)N[C@H](C(=O)N[C@@H](C)C(N)=O)CSCCC3=O,CHEMBL5420202,7.48,IC50,nM,33.0,CHEMBL1808,IC50,nM,33.0
CC[C@H](C)[C@@H]1NC(=O)[C@H](CCCNC(=N)N)NC(=O)[C@@H]2CSCCC(=O)N3CN(CN(C3)C(=O)CCSC[C@@H](C(=O)N[C@@H](C)C(N)=O)NC(=O)[C@H](CC(C)C)NC(=O)[C@H](CCCCN)NC1=O)C(=O)CCSC[C@H](NC(=O)[C@H](C)N)C(=O)NCC(=O)N[C@@H](CCCNC(=N)N)C(=O)N[C@@H](CCC(=O)O)C(=O)N[C@@H](CCC(=O)O)C(=O)N[C@@H](CC(C)C)C(=O)N1CCC[C@H]1C(=O)N2,CHEMBL5407252,,IC50,nM,40.0,CHEMBL1808,IC50,nM,40.0
CC[C@H](C)[C@@H]1NC(=O)[C@H](CCCNC(=N)N)NC(=O)[C@@H]2CCCN2C(=O)[C@H](CC(C)C)NC(=O)[C@H](CC(C)C)NC(=O)[C@H](CO)NC(=O)[C@H](CO)NC(=O)[C@@H]2CSCCC(=O)N3CN(CN(C3)C(=O)CCSC[C@@H](C(=O)N[C@@H](C)C(=O)O)NC(=O)[C@H](Cc3c[nH]cn3)NC1=O)C(=O)CCSC[C@H](NC(=O)[C@H](C)NC(C)=O)C(=O)N[C@@H](C(C)C)C(=O)N[C@@H](CCCNC(=N)N)C(=O)N[C@@H](CO)C(=O)N[C@@H](Cc1c[nH]cn1)C(=O)N2,CHEMBL5429094,,IC50,nM,40.0,CHEMBL1808,IC50,nM,40.0
CC[C@H](C)[C@@H]1NC(=O)[C@H](CCCNC(=N)N)NC(=O)[C@@H]2CCCN2C(=O)[C@H](CC(C)C)NC(=O)[C@H](CC(C)C)NC(=O)[C@H](CO)NC(=O)[C@H](CO)NNC(=O)[C@@H]2CSCCC(=O)N3CN(CN(C3)C(=O)CCSC[C@H](N)C(=O)N[C@@H](C(C)C)C(=O)N[C@@H](CCCNC(=N)N)C(=O)N[C@@H](CO)C(=O)N[C@@H](Cc3c[nH]cn3)C(=O)N2)C(=O)CCSC[C@@H](C(N)=O)NC(=O)[C@H](Cc2c[nH]cn2)NC1=O,CHEMBL5433480,,IC50,nM,40.0,CHEMBL1808,IC50,nM,40.0
CC[C@H](C)[C@@H]1NC(=O)[C@H](CCCNC(=N)N)NC(=O)[C@@H]2CCCN2C(=O)[C@H](CC(C)C)NC(=O)[C@H](CC(C)C)NC(=O)[C@H](CO)NC(=O)[C@H](CO)NNC(=O)[C@@H]2CSCCC(=O)N3CN(CN(C3)C(=O)CCSC[C@H](NC(C)=O)C(=O)N[C@@H](C(C)C)C(=O)N[C@@H](CCCNC(=N)N)C(=O)N[C@@H](CO)C(=O)N[C@@H](Cc3c[nH]cn3)C(=O)N2)C(=O)CCSC[C@@H](C(N)=O)NC(=O)[C@H](Cc2c[nH]cn2)NC1=O,CHEMBL5434946,,IC50,nM,40.0,CHEMBL1808,IC50,nM,40.0
C=C1N[C@@H](CC(C)C)C(=O)N2CCC[C@H]2C(=O)N[C@@H](CCCNC(=N)N)C(=O)N[C@@H]([C@@H](C)CC)C(=O)N[C@@H](Cc2c[nH]cn2)C(=O)N[C@H](C(=O)N[C@@H](C)C(N)=O)CSCCC(=O)N2CN3CN(C2)C(=O)CCSC[C@H](NC(=O)[C@H](Cc2c[nH]cn2)NC(=O)[C@@H](CO)NC(=O)[C@H](CCCNC(=N)N)NC(=O)[C@H](C(C)(C)C)NC(=O)[C@@H](NC(=O)[C@H](C)N)CSCCC3=O)C(=O)N[C@@H](CO)C(=O)N[C@@H](CO)C(=O)N[C@H]1CC(C)C,CHEMBL5420290,,IC50,nM,40.0,CHEMBL1808,IC50,nM,40.0
CC[C@H](C)[C@@H]1NC(=O)[C@H](CCCNC(=N)N)NC(=O)[C@@H]2CCCN2C(=O)[C@H](CC(C)C)NC(=O)[C@H](CC(C)C)NC(=O)[C@H](CO)NC(=O)[C@H](CO)NNC(=O)[C@@H]2CSCCC(=O)N3CN(CN(C3)C(=O)CCSC[C@@H](C(=O)N[C@@H](C)C(N)=O)NC(=O)[C@H](Cc3c[nH]cn3)NC1=O)C(=O)CCSC[C@H](NC(=O)[C@H](C)N)C(=O)N[C@@H]([C@H](C)O)C(=O)N[C@@H](CCCNC(=N)N)C(=O)N[C@@H](CO)C(=O)N[C@@H](Cc1c[nH]cn1)C(=O)N2,CHEMBL5410380,,IC50,nM,40.0,CHEMBL1808,IC50,nM,40.0
CC[C@H](C)[C@@H]1NC(=O)[C@H](CCCNC(=N)N)NC(=O)[C@@H]2CCCN2C(=O)[C@H](CC(C)C)NC(=O)[C@H](CC(C)C)NC(=O)[C@H](CO)NC(=O)[C@H](CO)NNC(=O)[C@@H]2CSCCC(=O)N3CN(CN(C3)C(=O)CCSC[C@@H](C(=O)N[C@@H](C)C(N)=O)NC(=O)[C@H](Cc3c[nH]cn3)NC1=O)C(=O)CCSC[C@H](NC(=O)[C@H](C)N)C(=O)N[C@@H]([C@@H](C)O)C(=O)N[C@@H](CCCNC(=N)N)C(=O)N[C@@H](CO)C(=O)N[C@@H](Cc1c[nH]cn1)C(=O)N2,CHEMBL5402703,,IC50,nM,40.0,CHEMBL1808,IC50,nM,40.0
CC[C@H](C)[C@@H]1NC(=O)[C@H](CCCNC(=N)N)NC(=O)[C@@H]2CCCN2C(=O)[C@H](CC(C)C)NC(=O)[C@H](CC(C)C)NC(=O)[C@H](CO)NC(=O)[C@H](CO)NNC(=O)[C@@H]2CSCCC(=O)N3CN(CN(C3)C(=O)CCSC[C@@H](C(=O)N[C@@H](C)C(N)=O)NC(=O)[C@H](Cc3c[nH]cn3)NC1=O)C(=O)CCSC[C@H](NC(=O)[C@H](C)N)C(=O)N[C@@H](C(C)C)C(=O)N[C@@H](CCNC(=N)N)C(=O)N[C@@H](CO)C(=O)N[C@@H](Cc1c[nH]cn1)C(=O)N2,CHEMBL5429801,,IC50,nM,40.0,CHEMBL1808,IC50,nM,40.0
CC[C@H](C)[C@@H]1NC(=O)[C@H](CCCNC(=N)N)NC(=O)[C@@H]2CCCN2C(=O)[C@H](CC(C)C)NC(=O)[C@H](CC(C)C)NC(=O)[C@H](CO)NC(=O)[C@H](CO)NNC(=O)[C@@H]2CSCCC(=O)N3CN(CN(C3)C(=O)CCSC[C@@H](C(=O)N[C@@H](C)C(N)=O)NC(=O)[C@H](Cc3c[nH]cn3)NC1=O)C(=O)CCSC[C@H](NC(=O)[C@H](C)N)C(=O)N[C@@H](C(C)C)C(=O)N[C@@H](CCCNC(=N)N)C(=O)N[C@@H](CO)C(=O)N[C@@H](Cc1ccccc1)C(=O)N2,CHEMBL5394399,,IC50,nM,40.0,CHEMBL1808,IC50,nM,40.0
CC[C@H](C)[C@@H]1NC(=O)[C@H](CCCNC(=N)N)NC(=O)[C@@H]2CCCN2C(=O)[C@H](CC(C)C)NC(=O)[C@H](CC(C)C)NC(=O)[C@H](CO)NC(=O)[C@H](CO)NNC(=O)[C@@H]2CSCCC(=O)N3CN(CN(C3)C(=O)CCSC[C@@H](C(=O)N[C@@H](C)C(N)=O)NC(=O)[C@H](Cc3c[nH]cn3)NC1=O)C(=O)CCSC[C@H](NC(=O)[C@H](C)N)C(=O)N[C@@H](C(C)C)C(=O)N[C@@H](CCCNC(=N)N)C(=O)N[C@@H](CO)C(=O)N[C@@H](Cc1ccc(C)cc1)C(=O)N2,CHEMBL5430631,,IC50,nM,40.0,CHEMBL1808,IC50,nM,40.0
CC[C@H](C)[C@@H]1NC(=O)[C@H](CCCNC(=N)N)NC(=O)[C@@H]2CCCN2C(=O)[C@H](CC(C)C)NC(=O)[C@H](CC(C)C)NC(=O)[C@H](CO)NC(=O)[C@H](CO)NNC(=O)[C@@H]2CSCCC(=O)N3CN(CN(C3)C(=O)CCSC[C@@H](C(=O)N[C@@H](C)C(N)=O)NC(=O)[C@H](Cc3c[nH]cn3)NC1=O)C(=O)CCSC[C@H](NC(=O)[C@H](C)N)C(=O)N[C@@H](C(C)C)C(=O)N[C@@H](CCCNC(=N)N)C(=O)N[C@@H](CO)C(=O)N[C@@H](Cc1ccc(F)cc1)C(=O)N2,CHEMBL5406655,,IC50,nM,40.0,CHEMBL1808,IC50,nM,40.0
CC[C@H](C)[C@@H]1NC(=O)[C@H](CCCNC(=N)N)NC(=O)[C@@H]2CCCN2C(=O)[C@H](CC(C)C)NC(=O)[C@H](CC(C)C)NC(=O)[C@H](CO)NC(=O)[C@H](CO)NNC(=O)[C@@H]2CSCCC(=O)N3CN(CN(C3)C(=O)CCSC[C@@H](C(=O)N[C@@H](C)C(N)=O)NC(=O)[C@H](Cc3c[nH]cn3)NC1=O)C(=O)CCSC[C@H](NC(=O)[C@H](C)N)C(=O)N[C@@H](C(C)C)C(=O)N[C@@H](CCCNC(=N)N)C(=O)N[C@@H](CO)C(=O)N[C@@H](Cc1ccc(Cl)cc1)C(=O)N2,CHEMBL5424883,,IC50,nM,40.0,CHEMBL1808,IC50,nM,40.0
CC[C@H](C)[C@@H]1NC(=O)[C@H](CCCNC(=N)N)NC(=O)[C@@H]2CCCN2C(=O)[C@H](CC(C)C)NC(=O)[C@H](CC(C)C)NC(=O)[C@H](CO)NC(=O)[C@H](CO)NNC(=O)[C@@H]2CSCCC(=O)N3CN(CN(C3)C(=O)CCSC[C@@H](C(=O)N[C@@H](C)C(N)=O)NC(=O)[C@H](Cc3c[nH]cn3)NC1=O)C(=O)CCSC[C@H](NC(=O)[C@H](C)N)C(=O)N[C@@H](C(C)C)C(=O)N[C@@H](CCCNC(=N)N)C(=O)N[C@@H](CO)C(=O)N[C@@H](Cc1ccc(CN)cc1)C(=O)N2,CHEMBL5437403,,IC50,nM,40.0,CHEMBL1808,IC50,nM,40.0
CC[C@H](C)[C@@H]1NC(=O)[C@H](CCCNC(=N)N)NC(=O)[C@@H]2CCCN2C(=O)[C@H](CC(C)C)NC(=O)[C@H](CC(C)C)NC(=O)[C@H]([C@@H](C)O)NC(=O)[C@H](CO)NNC(=O)[C@@H]2CSCCC(=O)N3CN(CN(C3)C(=O)CCSC[C@@H](C(=O)N[C@@H](C)C(N)=O)NC(=O)[C@H](Cc3c[nH]cn3)NC1=O)C(=O)CCSC[C@H](NC(=O)[C@H](C)N)C(=O)N[C@@H](C(C)C)C(=O)N[C@@H](CCCNC(=N)N)C(=O)N[C@@H](CO)C(=O)N[C@@H](Cc1c[nH]cn1)C(=O)N2,CHEMBL5400018,,IC50,nM,40.0,CHEMBL1808,IC50,nM,40.0
CC[C@H](C)[C@@H]1NC(=O)[C@H](CCCNC(=N)N)NC(=O)[C@]2(C)CCCN2C(=O)[C@H](CC(C)C)NC(=O)[C@H](CC(C)C)NC(=O)[C@@H](CC(=O)O)NC(=O)[C@H](CO)NNC(=O)[C@@H]2CSCCC(=O)N3CN(CN(C3)C(=O)CCSC[C@@H](C(=O)N[C@@H](C)C(N)=O)NC(=O)[C@H](Cc3c[nH]cn3)NC1=O)C(=O)CCSC[C@H](NC(=O)[C@H](C)N)C(=O)N[C@@H](C(C)C)C(=O)N[C@@H](CCCNC(=N)N)C(=O)N[C@@H](CO)C(=O)N[C@@H](Cc1c[nH]cn1)C(=O)N2,CHEMBL5424641,,IC50,nM,40.0,CHEMBL1808,IC50,nM,40.0
CC[C@H](C)[C@@H]1NC(=O)[C@H](CCCNC(=N)N)NC(=O)[C@@H]2CCCN2C(=O)[C@H](CC(C)C)NC(=O)[C@H](CC(C)(C)C)NC(=O)[C@H](CO)NC(=O)[C@H](CO)NNC(=O)[C@@H]2CSCCC(=O)N3CN(CN(C3)C(=O)CCSC[C@@H](C(=O)N[C@@H](C)C(N)=O)NC(=O)[C@H](Cc3c[nH]cn3)NC1=O)C(=O)CCSC[C@H](NC(=O)[C@H](C)N)C(=O)N[C@@H](C(C)C)C(=O)N[C@@H](CCCNC(=N)N)C(=O)N[C@@H](CO)C(=O)N[C@@H](Cc1c[nH]cn1)C(=O)N2,CHEMBL5429562,,IC50,nM,40.0,CHEMBL1808,IC50,nM,40.0
CC[C@H](C)[C@@H]1NC(=O)[C@H](CCCNC(=N)N)NC(=O)[C@@H]2C[C@@H](O)CN2C(=O)[C@H](CC(C)C)NC(=O)[C@H](CC(C)C)NC(=O)[C@H](CO)NC(=O)[C@H](CO)NNC(=O)[C@@H]2CSCCC(=O)N3CN(CN(C3)C(=O)CCSC[C@@H](C(=O)N[C@@H](C)C(N)=O)NC(=O)[C@H](Cc3c[nH]cn3)NC1=O)C(=O)CCSC[C@H](NC(=O)[C@H](C)N)C(=O)N[C@@H](C(C)C)C(=O)N[C@@H](CCCNC(=N)N)C(=O)N[C@@H](CO)C(=O)N[C@@H](Cc1c[nH]cn1)C(=O)N2,CHEMBL5397691,,IC50,nM,40.0,CHEMBL1808,IC50,nM,40.0
CC[C@H](C)[C@@H]1NC(=O)[C@H](CCCNC(=N)N)NC(=O)[C@@H]2C[C@H](O)CN2C(=O)[C@H](CC(C)C)NC(=O)[C@H](CC(C)C)NC(=O)[C@H](CO)NC(=O)[C@H](CO)NNC(=O)[C@@H]2CSCCC(=O)N3CN(CN(C3)C(=O)CCSC[C@@H](C(=O)N[C@@H](C)C(N)=O)NC(=O)[C@H](Cc3c[nH]cn3)NC1=O)C(=O)CCSC[C@H](NC(=O)[C@H](C)N)C(=O)N[C@@H](C(C)C)C(=O)N[C@@H](CCCNC(=N)N)C(=O)N[C@@H](CO)C(=O)N[C@@H](Cc1c[nH]cn1)C(=O)N2,CHEMBL5415414,,IC50,nM,40.0,CHEMBL1808,IC50,nM,40.0
CC[C@H](C)[C@@H]1NC(=O)[C@H](CCCCNC(=N)N)NC(=O)[C@@H]2CCCN2C(=O)[C@H](CC(C)C)NC(=O)[C@H](CC(C)C)NC(=O)[C@H](CO)NC(=O)[C@H](CO)NNC(=O)[C@@H]2CSCCC(=O)N3CN(CN(C3)C(=O)CCSC[C@@H](C(=O)N[C@@H](C)C(N)=O)NC(=O)[C@H](Cc3c[nH]cn3)NC1=O)C(=O)CCSC[C@H](NC(=O)[C@H](C)N)C(=O)N[C@@H](C(C)C)C(=O)N[C@@H](C)C(=O)N[C@@H](CO)C(=O)N[C@@H](Cc1c[nH]cn1)C(=O)N2,CHEMBL5400083,,IC50,nM,40.0,CHEMBL1808,IC50,nM,40.0
Cc1oc(C)c(S(N)(=O)=O)c1C(=O)O,CHEMBL5402781,,IC50,nM,1000000.0,CHEMBL1808,IC50,uM,1000.0
O=C(O)[C@H]1O[C@@H](Oc2cc3oc(-c4ccccc4)cc(=O)c3c(O)c2O)[C@H](O)[C@@H](O)[C@@H]1O,CHEMBL485818,,IC50,nM,2240000.0,CHEMBL1808,IC50,mM,2.24
